sampno,hh_vmt_fee_static,hh_total_vmt,hh_income_cat,hh_urbrur,hh_income_group
30001286,1.329696,83.106,11,1,high
30001757,0.728496,30.354,8,1,mid_high
30002316,0.52076,26.038,8,1,mid_high
30002949,17.6832,828.9,8,1,mid_high
30003650,1.284672,53.528,7,1,mid_low
30003703,3.9324,163.85,10,1,high
30004504,19.637184,1227.324,11,1,high
30004597,4.64112,232.05599999999998,10,1,high
30005074,2.64096,110.03999999999999,8,1,mid_high
30006271,12.457728,692.096,8,1,mid_high
30006850,7.934976000000001,330.624,10,1,high
30006987,0.5424,22.6,4,1,low
30007141,1.674912,104.682,11,1,high
30007800,5.4583200000000005,227.43,10,1,high
30009516,151.76512,6695.5199999999995,10,1,high
30010796,10.206240000000001,425.26,6,1,mid_low
30011093,12.22368,509.32,9,1,mid_high
30011538,7.220208,300.84200000000004,11,2,high
30011666,3.129408,130.392,6,1,mid_low
30017625,1.109952,69.372,7,1,mid_low
30025699,0.8204400000000001,34.185,4,1,low
30026807,1.30944,81.84,7,1,mid_low
30027544,10.031184,417.966,11,1,high
30027938,17.081760000000003,711.74,1,1,low
30029983,79.68996,4269.1050000000005,11,1,high
30031252,14.546176,681.852,11,2,high
30031588,68.87232,3130.56,10,1,high
30032396,0.24312,15.195,5,1,mid_low
30033642,0.54968,34.355,6,1,mid_low
30034649,2.679744,111.656,8,1,mid_high
30035545,560.924784,23371.866,9,1,mid_high
30036272,18.769344,782.056,5,1,mid_low
30037046,0.406336,25.396,4,1,low
30037447,7.516608,341.664,2,1,low
30037492,31.82536,1591.268,6,1,mid_low
30037730,4.978432,311.152,7,1,mid_low
30040433,41.091408,1712.142,8,1,mid_high
30040845,0.57786,28.893,8,1,mid_high
30041823,6.742656,280.944,7,1,mid_low
30042274,64.967584,2953.072,7,1,mid_low
30043222,1.9673280000000002,81.972,9,1,mid_high
30044225,1.9709400000000001,98.547,8,1,mid_high
30044959,1.0110400000000002,63.190000000000005,4,1,low
30045097,0.5948640000000001,37.179,7,1,mid_low
30046310,4.84272,242.136,11,1,high
30046784,8.017728,334.072,5,1,mid_low
30047212,0.06336,2.64,7,1,mid_low
30047221,10.80192,450.08,7,1,mid_low
30048597,265.49874,15317.235,10,1,high
30049614,1.65184,103.24000000000001,11,1,high
30050996,3.364352,210.272,10,1,high
30051693,0.232232,10.556000000000001,7,1,mid_low
30052047,1.631488,101.968,8,1,mid_high
30052378,0.805632,50.352000000000004,11,1,high
30053919,18.62528,931.264,11,1,high
30054089,9.38368,469.18399999999997,10,1,high
30056852,73.09888,3654.944,11,1,high
30058537,19.457088,810.712,11,1,high
30060239,0.235008,9.792,6,1,mid_low
30060943,7.0297920000000005,292.908,7,2,mid_low
30061034,9.00576,500.32,11,1,high
30061352,0.43036800000000003,17.932,8,1,mid_high
30063048,6.963456,435.216,9,1,mid_high
30064568,2.716512,169.78199999999998,9,1,mid_high
30064613,1.450176,60.424,11,1,high
30065974,109.81872,4575.78,11,1,high
30066284,593.236224,24718.176,6,1,mid_low
30067341,0.24230400000000002,10.096,10,1,high
30067719,2.5344480000000003,113.14500000000001,10,1,high
30068884,5.709696,237.904,10,1,high
30068983,55.97424,2332.26,6,1,mid_low
30069387,42.92416,2146.208,4,1,low
30070842,20.9418,872.575,9,2,mid_high
30071011,2.39664,119.83200000000001,8,1,mid_high
30071074,40.30848,1679.52,11,1,high
30071324,0.10128000000000001,5.064,7,1,mid_low
30071402,4.673152,292.072,6,1,mid_low
30071528,10.492799999999999,437.2,11,1,high
30071654,25.503264,1062.636,5,1,mid_low
30072193,52.641600000000004,2193.4,7,2,mid_low
30072601,21.412728,892.197,6,1,mid_low
30074374,0.25548000000000004,12.774000000000001,5,1,mid_low
30074919,4.484448,186.852,6,1,mid_low
30086132,0.098496,4.104,7,1,mid_low
30089487,0.20296,10.148,7,1,mid_low
30090726,27.96408,1165.17,9,1,mid_high
30090882,4.47904,279.94,10,1,high
30091459,23.740080000000003,1187.0040000000001,6,1,mid_low
30091973,0.12336000000000001,6.168,3,1,low
30093093,1.284768,53.532,5,1,mid_low
30093131,53.96304,2248.46,7,1,mid_low
30093955,23.979792,1057.932,8,1,mid_high
30094733,1.367808,56.992,8,1,mid_high
30095549,2.313024,96.376,6,1,mid_low
30097936,47.836224,2242.323,10,2,high
30097981,6.38016,265.84,4,1,low
30099392,41.521152,1730.048,11,1,high
30100562,5.370624,223.77599999999998,10,1,high
30102614,81.02271999999999,4051.136,8,1,mid_high
30102880,2.448768,153.048,11,1,high
30104033,74.312448,3096.352,7,1,mid_low
30104991,2.55344,159.59,11,1,high
30105105,0.763008,47.688,11,1,high
30106841,10.548672,439.528,11,1,high
30108006,2.07252,103.626,10,1,high
30110568,0.279552,11.648,9,1,mid_high
30111758,0.9584,47.92,7,1,mid_low
30114124,1.459656,60.819,6,1,mid_low
30114128,0.81228,33.845,11,1,high
30114305,2.5488,106.2,11,1,high
30114382,2.115936,132.246,9,1,mid_high
30115304,0.89984,44.992,8,1,mid_high
30115420,49.302431999999996,2054.268,10,1,high
30115523,13.847184,576.966,4,1,low
30117074,3.2415840000000005,135.066,7,1,mid_low
30117684,79.15556000000001,3597.98,8,1,mid_high
30118560,3.176,158.8,6,1,mid_low
30128796,1.19894,59.946999999999996,8,1,mid_high
30129439,0.217296,9.053999999999998,11,1,high
30129542,0.151032,6.293,11,1,high
30130367,12.544752,570.216,9,1,mid_high
30131095,183.700872,7654.2029999999995,9,1,mid_high
30134588,20.811519999999998,1300.7199999999998,11,1,high
30134694,5.332319999999999,222.18,4,1,low
30135305,13.709952000000001,761.664,8,1,mid_high
30135384,12.4624,623.12,6,1,mid_low
30135526,42.54672,2127.336,10,1,high
30137501,31.38048,1307.52,8,1,mid_high
30139730,23.17776,1448.6100000000001,11,1,high
30142155,7.6439200000000005,382.196,9,1,mid_high
30142992,69.892944,3176.9519999999998,11,1,high
30143447,103.26937600000001,5532.288,8,1,mid_high
30146681,5.357808,297.656,11,1,high
30146823,4.041792,252.612,8,1,mid_high
30148773,1.298016,81.126,8,1,mid_high
30150798,10.200000000000001,510.0,10,1,high
30151163,31.132464,1297.186,6,1,mid_low
30151712,10.0014,500.07,7,1,mid_low
30154206,2.0399520000000004,84.998,6,1,mid_low
30157808,11.875680000000001,494.82,8,1,mid_high
30158051,10.3796,518.98,7,1,mid_low
30161092,3.03016,151.508,8,1,mid_high
30162777,0.5063040000000001,21.096,8,1,mid_high
30163265,14.81688,617.37,5,1,mid_low
30163905,0.283896,11.829,9,1,mid_high
30164169,25.78332,1289.166,10,1,high
30165692,9.41472,392.28000000000003,11,1,high
30165799,0.884352,36.848,11,1,high
30165941,6.1207199999999995,255.03,10,1,high
30168625,13.005984,541.916,7,1,mid_low
30168877,1.48536,61.89,10,1,high
30169685,10.465056,436.044,5,1,mid_low
30170019,109.7544,5487.72,2,1,low
30170586,4.44288,222.144,7,1,mid_low
30170648,1.913616,79.73400000000001,5,1,mid_low
30171102,11.171232,465.46799999999996,9,1,mid_high
30171206,4.3006720000000005,268.79200000000003,8,1,mid_high
30172717,40.680192,2179.296,11,1,high
30172766,10.561728,660.1080000000001,3,1,low
30173006,0.25212,10.504999999999999,10,1,high
30179514,8.523768,387.444,11,1,high
30180348,0.722688,30.112000000000002,9,1,mid_high
30181123,9.0,375.0,8,2,mid_high
30181354,3.983904,165.99599999999998,11,1,high
30183736,6.097344,381.08399999999995,11,1,high
30183821,11.72448,732.78,8,1,mid_high
30184454,5.441664,226.736,6,1,mid_low
30185293,1.38056,86.285,11,1,high
30186778,7.15824,357.912,11,1,high
30187153,85.5792,3565.8,6,1,mid_low
30188631,6.139968,255.832,7,1,mid_low
30189758,2.2800000000000002,142.5,1,1,low
30190742,4.4124,183.85,9,1,mid_high
30192757,83.715072,3488.128,6,1,mid_low
30193556,1.92468,80.195,8,1,mid_high
30193730,7.785984,324.416,3,1,low
30193931,14.936448,933.528,10,1,high
30195014,13.043232,543.468,11,1,high
30195522,60.01056,2812.995,4,1,low
30196882,20.437056000000002,851.544,5,1,mid_low
30196898,0.18688,9.344,8,1,mid_high
30198261,6.689952,278.748,11,1,high
30201218,3.820672,238.79199999999997,11,1,high
30201368,3.7648800000000002,156.87,9,1,mid_high
30201548,15.421968,642.582,7,1,mid_low
30205588,0.834176,52.136,10,1,high
30208704,100.448256,4185.344,11,1,high
30209375,0.29076,12.114999999999998,8,1,mid_high
30210830,0.5083040000000001,31.769000000000002,10,1,high
30210855,6.260992,391.31199999999995,11,1,high
30212051,4.993320000000001,208.055,10,1,high
30214254,35.685792,1486.9080000000001,8,1,mid_high
30215169,17.918640000000003,746.61,8,1,mid_high
30215832,0.991536,41.314,6,1,mid_low
30216186,5.75478,287.73900000000003,6,1,mid_low
30217454,10.562112,440.088,11,1,high
30218193,10.73808,447.42,10,1,high
30219187,18.31296,1144.56,11,1,high
30220117,0.6544800000000001,27.27,2,1,low
30221376,7.299648,304.152,8,1,mid_high
30222310,3.774144,157.256,9,1,mid_high
30223846,14.07024,586.26,6,1,mid_low
30226961,1.180968,49.207,5,1,mid_low
30227058,1.3030080000000002,54.292,5,1,mid_low
30228677,1.3346879999999999,55.611999999999995,7,1,mid_low
30229733,6.448320000000001,403.02,11,2,high
30231735,11.347584,472.816,10,1,high
30232000,5.583168,232.632,9,1,mid_high
30232307,4.74264,197.61,7,1,mid_low
30233441,127.12550399999999,5296.896,11,1,high
30233863,6.161232,256.718,7,1,mid_low
30234573,5.607168,350.448,8,1,mid_high
30235620,1.458768,60.782,4,1,low
30237308,12.2064,610.3199999999999,9,1,mid_high
30238018,3.8150399999999998,158.95999999999998,7,1,mid_low
30239275,11.481264,478.38599999999997,11,1,high
30240383,0.007296,0.304,11,1,high
30241755,6.63096,276.28999999999996,11,1,high
30242037,4.362368,272.648,7,1,mid_low
30242521,18.094176,753.924,11,2,high
30244975,6.738696000000001,280.779,11,1,high
30246007,29.55008,1477.504,11,1,high
30248202,0.302016,12.584,4,1,low
30251671,1.457152,91.072,6,1,mid_low
30252659,4.512576,188.024,8,1,mid_high
30253126,43.9461,1997.55,3,1,low
30254981,5.061888,281.216,9,1,mid_high
30255185,1.021992,42.583,4,1,low
30255564,0.143088,5.962,8,1,mid_high
30255607,57.538152000000004,3082.401,11,2,high
30255670,25.839168,1076.632,4,2,low
30256146,23.477184,978.216,11,1,high
30257094,0.48740800000000006,30.463,3,1,low
30257603,3.7428000000000003,187.14,6,1,mid_low
30258786,4.202016,175.084,7,1,mid_low
30258919,24.33072,1216.536,10,1,high
30259039,5.11734,255.867,9,1,mid_high
30261705,8.911296,371.304,10,1,high
30263243,11.535872000000001,720.9920000000001,8,1,mid_high
30263808,16.730496,697.104,10,1,high
30264337,9.605184000000001,400.216,7,1,mid_low
30264954,25.847568000000003,1076.982,7,1,mid_low
30265030,2.45536,122.768,11,2,high
30265106,33.514368,1396.432,7,1,mid_low
30268109,102.74472,4281.03,7,2,mid_low
30269506,0.91988,45.994,10,1,high
30269544,0.24888000000000002,10.370000000000001,10,1,high
30271168,10.811328,450.472,9,1,mid_high
30271548,9.86484,411.035,9,1,mid_high
30272612,2.359296,98.304,6,1,mid_low
30274853,5.184696,235.668,9,1,mid_high
30277067,13.902144,579.256,11,1,high
30277572,10.982144,514.788,8,1,mid_high
30278317,59.040608,2683.664,8,1,mid_high
30278382,17.4896,874.48,9,1,mid_high
30278974,1.15496,57.748000000000005,10,1,high
30282700,16.47288,823.644,3,1,low
30282978,113.711136,5168.688,11,1,high
30283234,2.483616,103.48400000000001,8,1,mid_high
30284870,1.125072,46.878,11,1,high
30285060,4.531104,188.796,5,1,mid_low
30285621,16.338696000000002,742.668,10,1,high
30285663,0.57528,23.97,3,1,low
30287808,5.04,210.0,10,1,high
30290256,4.15224,173.01000000000002,6,1,mid_low
30290756,19.076736,1021.9680000000001,8,1,mid_high
30290838,2.096768,131.048,10,1,high
30291404,50.127552,2088.648,3,1,low
30292052,2.7133920000000002,113.05799999999999,7,1,mid_low
30293531,11.580048000000001,643.336,7,1,mid_low
30294517,1.5274240000000001,95.464,9,1,mid_high
30297750,1.44144,90.09,11,1,high
30298457,34.642464000000004,1443.4360000000001,7,1,mid_low
30300856,21.246336,885.264,10,1,high
30301969,3.32064,138.36,8,1,mid_high
30302147,28.3596,1417.98,11,2,high
30303882,8.3904,349.59999999999997,11,1,high
30307645,0.8169120000000001,34.038,10,1,high
30308491,3.838592,239.91199999999998,11,1,high
30309431,2.282496,142.656,6,1,mid_low
30309579,3.44064,172.03199999999998,9,1,mid_high
30310120,51.073024000000004,3192.0640000000003,7,1,mid_low
30310469,0.05630400000000001,2.346,8,1,mid_high
30310687,4.45824,185.76,11,1,high
30310936,13.113648,728.536,10,1,high
30312147,1.0864800000000001,45.269999999999996,8,1,mid_high
30313646,0.556416,23.184,7,1,mid_low
30313794,2.34816,97.84,11,1,high
30314067,0.15383999999999998,6.41,1,1,low
30314398,11.847912,522.702,11,1,high
30315929,0.766524,34.842,9,1,mid_high
30316163,13.676544,641.088,11,1,high
30317701,2.4678400000000003,123.392,11,1,high
30322658,0.57088,28.544,9,1,mid_high
30324004,3.560328,197.796,6,1,mid_low
30324595,11.38216,569.1080000000001,10,1,high
30327669,23.402304,975.096,9,1,mid_high
30332031,1.658944,103.684,10,1,high
30333456,5.772,288.6,10,1,high
30334331,6.112080000000001,254.67000000000002,2,1,low
30335440,6.41396,320.698,11,1,high
30335718,27.997952,1749.872,8,1,mid_high
30336367,8.325936,346.914,7,1,mid_low
30341916,13.448448,560.352,4,1,low
30342040,9.745536,406.064,6,2,mid_low
30342253,9.895608000000001,549.756,11,1,high
30343510,45.723328,2857.708,11,1,high
30346995,4.871088,202.96200000000002,11,2,high
30347576,11.431728,476.322,6,1,mid_low
30347596,99.36432,4140.18,9,1,mid_high
30348330,22.16496,1108.248,10,1,high
30348551,13.908992,869.312,11,1,high
30348768,4.79936,239.968,7,1,mid_low
30350236,4.222656,175.944,3,1,low
30353449,2.791656,116.319,5,1,mid_low
30353624,20.76912,1298.07,11,2,high
30354039,0.18854400000000002,11.783999999999999,6,1,mid_low
30356798,23.2536,1162.68,11,1,high
30357995,0.9969600000000001,49.848,10,1,high
30359462,37.22688,1551.1200000000001,1,1,low
30361877,18.613968,775.582,6,2,mid_low
30364903,0.039456,1.644,9,1,mid_high
30364933,13.387392,557.808,7,1,mid_low
30366888,0.942912,39.288,7,1,mid_low
30368056,0.93946,46.973,5,1,mid_low
30368312,42.682959999999994,2134.148,6,1,mid_low
30368681,9.425376,392.724,6,1,mid_low
30368919,0.75968,47.480000000000004,9,1,mid_high
30371992,6.8859200000000005,344.296,11,1,high
30373944,18.416736,767.3639999999999,5,2,mid_low
30374044,273.77208,12078.18,9,1,mid_high
30374568,21.886848,911.952,11,1,high
30375160,2.6912160000000003,112.134,8,1,mid_high
30375807,7.56156,378.07800000000003,6,1,mid_low
30375839,3.7609920000000003,156.708,8,1,mid_high
30377960,0.245184,10.216000000000001,4,1,low
30379195,0.248784,10.366,2,1,low
30379434,4.996752,208.198,8,1,mid_high
30379826,5.259168,219.132,7,1,mid_low
30383061,11.872512,659.584,11,1,high
30383089,3.2760160000000003,204.751,10,1,high
30385609,2.7755520000000002,115.648,3,1,low
30385755,56.840544,2368.356,10,1,high
30386875,1.8737280000000003,78.072,10,1,high
30387888,2.245312,140.332,9,1,mid_high
30388268,65.328768,2722.0319999999997,10,1,high
30388621,9.15392,457.696,11,1,high
30390336,5.236032,218.168,11,1,high
30390531,154.99328,7265.31,6,2,mid_low
30393920,0.588672,24.528,7,1,mid_low
30394035,3.086336,192.896,8,1,mid_high
30394803,22.722080000000002,1136.104,11,1,high
30395164,4.279008,267.438,7,1,mid_low
30400244,13.301,665.05,11,1,high
30401749,3.64224,227.64,7,1,mid_low
30404220,1.26492,63.246,11,1,high
30405096,23.923392,996.808,11,1,high
30405364,30.07808,1503.904,8,1,mid_high
30406658,5.172672,215.52800000000002,11,1,high
30407199,11.605536,483.564,8,1,mid_high
30407293,1.39184,69.592,11,1,high
30410033,0.28392,11.83,9,1,mid_high
30412050,15.62868,651.195,4,1,low
30412809,3.046944,126.956,6,1,mid_low
30413450,0.337232,18.066,11,1,high
30413721,0.5392,26.96,10,1,high
30415083,46.438848,1934.952,9,1,mid_high
30416542,3.4836,174.18,7,1,mid_low
30416806,2.8333120000000003,177.08200000000002,10,1,high
30420463,2.853632,178.352,10,1,high
30420990,3.837312,239.832,8,1,mid_high
30421801,0.816768,34.032000000000004,7,1,mid_low
30423058,0.8083199999999999,50.519999999999996,5,1,mid_low
30423667,2.1647999999999996,135.29999999999998,8,1,mid_high
30424760,11.414784000000001,475.61600000000004,2,2,low
30425542,9.26016,463.00800000000004,9,1,mid_high
30425703,0.7321920000000001,30.508000000000003,7,1,mid_low
30426064,12.467200000000002,779.2,6,1,mid_low
30426398,5.158320000000001,322.395,9,1,mid_high
30426450,0.6930240000000001,28.876,8,1,mid_high
30426512,5.106528,212.772,11,1,high
30428584,29.62488,1481.244,11,1,high
30429953,0.443232,18.468,8,1,mid_high
30430671,10.943424,455.976,9,1,mid_high
30430893,27.563008000000004,1252.864,7,1,mid_low
30433680,0.780864,32.536,8,1,mid_high
30434515,0.77372,38.686,9,1,mid_high
30434817,3.1159680000000005,129.832,11,1,high
30435074,26.506752,1104.4479999999999,5,1,mid_low
30435189,8.824512,367.688,10,1,high
30436649,15.8504,792.52,8,1,mid_high
30436980,14.0634,585.975,6,1,mid_low
30437554,0.47936,29.96,10,1,high
30438048,0.5909760000000001,36.936,10,1,high
30440141,4.1708,208.54,11,1,high
30441129,0.42304,26.44,11,1,high
30441996,0.23152,11.576,8,1,mid_high
30442072,0.44184,18.41,10,1,high
30442305,88.628064,4747.932,11,1,high
30442480,1.4333280000000002,59.722,8,1,mid_high
30443626,30.071040000000004,1503.5520000000001,11,1,high
30444893,3.4616800000000003,173.084,11,1,high
30444991,0.68492,34.246,9,1,mid_high
30447791,12.395520000000001,619.776,10,1,high
30449314,3.372768,210.798,8,1,mid_high
30450882,24.869376000000003,1036.224,10,1,high
30452008,71.784576,2991.024,11,1,high
30452165,9.45036,472.51800000000003,8,1,mid_high
30453044,13.196448,824.778,11,1,high
30453836,11.464768,614.184,11,1,high
30454663,5.998272,249.928,9,1,mid_high
30455787,2.49312,103.88,7,1,mid_low
30457003,5.931936,370.746,3,1,low
30457370,0.87976,43.988,10,1,high
30457532,0.7999360000000001,49.995999999999995,5,1,mid_low
30458459,3.049344,142.938,10,1,high
30459266,5.0448,210.2,11,1,high
30460376,1.413024,58.876,8,1,mid_high
30461131,95.312712,4332.396,11,1,high
30464679,0.95296,59.56,9,1,mid_high
30464686,3.0794240000000004,192.464,10,1,high
30465655,2.2958399999999997,143.48999999999998,7,1,mid_low
30465707,0.336816,14.034,5,1,mid_low
30468080,2.9832,149.16,11,1,high
30468429,12.684864000000001,792.804,9,1,mid_high
30471066,0.912096,38.004,11,1,high
30471078,10.10232,420.93,6,1,mid_low
30471732,19.439904000000002,809.9960000000001,10,1,high
30472959,20.98432,1049.216,10,1,high
30473108,0.78456,39.228,10,1,high
30473435,1.593648,66.402,7,1,mid_low
30473443,40.03776,2502.36,6,1,mid_low
30473696,0.152928,6.372,8,1,mid_high
30476744,1.522832,95.17699999999999,9,1,mid_high
30480671,4.6682879999999995,291.768,9,1,mid_high
30481441,10.761072,448.378,9,1,mid_high
30482711,2.2499520000000004,93.748,3,1,low
30483286,1.1592,57.96,10,1,high
30483498,0.328512,13.688,6,1,mid_low
30484747,26.76912,1338.4560000000001,10,1,high
30487153,0.947856,39.494,7,1,mid_low
30487586,5.80176,362.60999999999996,10,1,high
30489352,0.08628,3.5949999999999998,7,1,mid_low
30489844,21.8769,1093.845,11,1,high
30491629,33.798912,1584.324,11,1,high
30493479,3.1570560000000003,175.392,11,1,high
30493582,1.93968,80.82000000000001,6,1,mid_low
30493780,11.724,586.2,11,1,high
30496172,4.12224,171.76,7,1,mid_low
30498075,8.145072,339.378,11,1,high
30500123,7.590912,316.288,4,1,low
30501284,1.27416,63.708,7,1,mid_low
30501773,2.84128,142.064,8,1,mid_high
30502265,3.3664319999999996,140.268,11,1,high
30502883,18.117792,754.908,10,1,high
30503727,43.4028,2170.14,6,1,mid_low
30508067,12.169152,507.048,9,1,mid_high
30509967,7.451352000000001,344.97,10,1,high
30510261,7.993152,333.048,10,1,high
30513008,34.81344,1631.88,6,1,mid_low
30514133,2.04232,102.116,7,1,mid_low
30514134,10.889568,453.732,11,1,high
30515602,2.603136,108.464,5,1,mid_low
30516146,1.54488,77.244,10,1,high
30518265,10.3508,517.54,6,1,mid_low
30520560,1.362848,85.17800000000001,10,1,high
30521068,0.992352,41.348,11,1,high
30521201,3.914496,163.104,8,1,mid_high
30524101,6.187264,386.70399999999995,11,1,high
30524727,0.23979999999999999,11.99,9,1,mid_high
30526121,3.220128,134.172,8,1,mid_high
30528912,30.07264,1503.632,11,1,high
30529575,0.53592,22.33,10,1,high
30530042,0.043160000000000004,2.158,9,1,mid_high
30532684,0.41424,25.89,10,1,high
30536649,11.187959999999999,466.165,5,1,mid_low
30536904,0.345744,21.609,7,1,mid_low
30537123,12.144,607.1999999999999,8,1,mid_high
30537285,29.21664,1217.3600000000001,9,1,mid_high
30537688,1.71424,77.92,11,1,high
30538014,3.6933759999999998,230.83599999999998,9,1,mid_high
30538097,36.477168,1954.134,11,1,high
30539240,6.778512000000001,282.438,4,1,low
30541058,7.57512,315.63,5,2,mid_low
30542228,32.416992,1350.708,11,1,high
30544746,2.854016,133.782,11,1,high
30547218,9.836928,409.87199999999996,5,1,mid_low
30547282,1.329264,55.385999999999996,11,1,high
30547595,9.47844,526.58,8,1,mid_high
30549075,12.34608,514.42,8,1,mid_high
30551594,0.83256,41.628,6,1,mid_low
30553389,15.949560000000002,797.4780000000001,2,1,low
30555073,1.29204,53.835,5,1,mid_low
30555884,3.9586560000000004,164.94400000000002,4,1,low
40000855,127.39752000000001,6369.876,10,1,high
40002397,4.35096,217.548,10,1,high
40003484,2.642,132.1,11,1,high
40008422,0.229248,9.552,4,1,low
40008624,19.28064,803.36,6,1,mid_low
40009061,31.993920000000003,1599.6960000000001,9,1,mid_high
40013444,12.936960000000001,539.04,11,1,high
40015408,0.6280000000000001,31.4,6,1,mid_low
40016005,15.566256,648.5939999999999,8,1,mid_high
40016963,10.03188,501.594,9,1,mid_high
40017077,7.987056,332.794,7,1,mid_low
40018002,9.753072,406.378,11,1,high
40018307,1.7539200000000004,73.08000000000001,9,1,mid_high
40019293,1.695456,80.736,9,1,mid_high
40019746,1.156768,72.298,11,1,high
40022772,0.567408,23.642,5,1,mid_low
40022942,5.4315,239.625,10,1,high
40029793,10.84352,677.7199999999999,7,2,mid_low
40030269,13.992912,874.557,10,1,high
40031244,22.09728,920.72,10,1,high
40032112,0.19648,9.824,6,1,mid_low
40034852,0.10728,4.47,5,1,mid_low
40037044,12.320928,513.372,10,1,high
40037280,13.799412,627.246,10,1,high
40039264,2.07376,103.688,11,1,high
40041697,0.5246,26.23,11,1,high
40045843,0.712128,29.672,3,1,low
40047116,1.9933680000000003,83.057,9,1,mid_high
40047386,0.139272,5.803,7,1,mid_low
40052926,0.325488,20.343,6,1,mid_low
40057722,3.057536,191.096,10,1,high
40060727,6.394368,299.736,7,1,mid_low
40061466,2.8355200000000003,141.776,5,1,mid_low
40062462,3.450384,143.766,6,1,mid_low
40072138,11.554704,641.928,9,1,mid_high
40073462,4.1136,171.4,11,1,high
40073804,0.738624,46.164,3,1,low
40073859,10.71936,535.968,6,1,mid_low
40076581,11.753016,534.2280000000001,10,1,high
40076652,11.90532,595.266,8,2,mid_high
40077112,8.626944,359.45599999999996,10,1,high
40077116,28.435968000000003,1777.248,9,1,mid_high
40077313,0.6177600000000001,25.740000000000002,4,1,low
40077713,1.008,63.0,11,1,high
40080575,2.7138560000000003,127.212,11,1,high
40083169,1.80736,90.36800000000001,10,1,high
40083998,1.076832,44.867999999999995,4,1,low
40084177,22.943232000000002,1433.952,11,1,high
40085887,29.61756,1586.655,8,1,mid_high
40087604,3.4582800000000002,172.91400000000002,11,1,high
40089083,0.289872,12.078,6,1,mid_low
40090085,0.09848,4.9239999999999995,6,1,mid_low
40091700,4.614912,192.288,10,1,high
40096822,0.418016,26.126,6,1,mid_low
40099023,5.835024,243.126,10,1,high
40103260,4.021344,251.334,9,1,mid_high
40103780,4.2208000000000006,211.04000000000002,10,1,high
40105361,0.39014400000000005,16.256,5,1,mid_low
40107974,12.763200000000001,638.16,8,1,mid_high
40109668,0.6168,25.7,11,1,high
40111309,57.264,2863.2000000000003,11,1,high
40111830,0.924864,57.803999999999995,11,1,high
40112339,38.00448,1583.52,6,1,mid_low
40112377,2.136768,89.032,11,1,high
40114130,0.021984,0.916,6,2,mid_low
40116993,49.547008000000005,2654.304,11,1,high
40117415,0.033816,1.409,3,1,low
40121684,1.992496,90.56800000000001,11,1,high
40124166,2.7562320000000002,114.843,7,1,mid_low
40124570,80.58892800000001,5036.808,10,1,high
40125891,0.21849600000000002,9.104,9,1,mid_high
40129780,3.337088,208.56799999999998,8,1,mid_high
40129868,6.055712000000001,378.48199999999997,8,1,mid_high
40133608,10.622016,442.584,11,1,high
40134061,0.695304,28.971,6,1,mid_low
40142220,1.37392,68.696,7,1,mid_low
40144860,5.100048,212.502,4,1,low
40145263,37.983168,1582.632,3,1,low
40145939,5.39976,269.988,8,1,mid_high
40147906,14.86692,743.346,8,1,mid_high
40149386,8.95856,447.928,6,1,mid_low
40150605,6.265728,261.072,11,1,high
40150849,0.843456,52.715999999999994,8,1,mid_high
40151510,24.920448000000004,1038.352,10,1,high
40157082,0.825296,51.581,11,1,high
40158295,11.202768,466.78200000000004,10,1,high
40158467,1.2576479999999999,66.192,11,1,high
40159065,40.2759,2013.795,6,1,mid_low
40159730,3.207456,133.644,10,1,high
40160668,21.891888,912.162,6,1,mid_low
40161500,4.218624,263.664,10,1,high
40164504,15.356000000000002,767.8,5,1,mid_low
40166419,20.97216,873.8399999999999,8,1,mid_high
40166427,1.549344,64.556,9,1,mid_high
40175416,10.861056,452.544,8,1,mid_high
40176828,1.7909760000000001,74.624,8,1,mid_high
40177257,1.00512,41.879999999999995,10,1,high
40178409,30.167136,1256.964,11,1,high
40179886,7.634688000000001,318.112,3,1,low
40180415,7.950672000000001,331.278,11,1,high
40181080,5.761512000000001,240.063,6,1,mid_low
40183597,0.05952,3.72,8,1,mid_high
40184570,0.71472,35.736,5,1,mid_low
40190762,2.162208,135.138,3,1,low
40193091,5.0440000000000005,252.20000000000002,7,1,mid_low
40194823,2.594496,108.104,9,1,mid_high
40197784,93.13584,4989.42,11,1,high
40198721,1.566208,97.888,9,1,mid_high
40203415,15.7104,736.425,11,1,high
40205236,30.817152,1284.048,8,1,mid_high
40205807,0.24770400000000004,10.321000000000002,4,1,low
40207346,0.712584,29.691,6,1,mid_low
40207740,2.9832479999999997,124.30199999999999,9,1,mid_high
40208396,5.2776,263.88,6,1,mid_low
40208507,18.048,902.4,7,1,mid_low
40208984,2.7990720000000002,116.628,11,1,high
40209121,13.059648,544.152,11,1,high
40209546,20.01456,1000.728,3,1,low
40211159,20.769000000000002,1038.45,8,1,mid_high
40212701,3.0964,154.82,8,1,mid_high
40213946,1.766304,73.596,10,1,high
40215176,12.148800000000001,607.44,10,1,high
40215394,1.922724,106.81800000000001,10,1,high
40215574,5.31312,221.38,9,1,mid_high
40216373,28.612096,1341.192,7,1,mid_low
40216658,3.3563520000000002,209.772,9,1,mid_high
40218037,1.280256,53.344,10,1,high
40219339,5.02432,269.16,11,1,high
40220548,0.31730400000000003,13.221,11,1,high
40221131,20.772864000000002,865.5360000000001,11,1,high
40221700,33.44154,1520.07,5,1,mid_low
40224148,9.343048,424.68399999999997,7,1,mid_low
40226830,14.354592,768.996,8,1,mid_high
40227976,4.536384,283.524,5,1,mid_low
40228109,2.269632,94.568,9,1,mid_high
40229994,7.483776,467.736,6,1,mid_low
40230150,7.433064000000001,309.711,5,1,mid_low
40230646,7.436,464.75,4,1,low
40232114,3.72912,155.38,8,1,mid_high
40233855,11.054352,487.692,8,2,mid_high
40235475,12.250224000000001,510.426,9,1,mid_high
40238602,2.919168,136.83599999999998,11,1,high
40240750,22.099392,920.8080000000001,11,1,high
40244854,1.130184,51.372,8,1,mid_high
40250324,4.74984,197.91,11,1,high
40253106,2.849376,118.724,11,1,high
40256241,4.0928640000000005,191.853,11,1,high
40256529,1.091808,45.492,8,1,mid_high
40260174,0.7729920000000001,35.136,10,1,high
40260722,123.774688,5460.648,11,1,high
40262673,27.441408000000003,1143.392,10,1,high
40263485,0.898656,40.848,8,1,mid_high
40266740,4.229328,176.22199999999998,5,1,mid_low
40268532,18.38496,919.248,7,1,mid_low
40268541,3.5859360000000002,224.121,11,1,high
40269279,3.02704,189.19,11,1,high
40270851,6.29436,262.265,10,1,high
40277608,12.614160000000002,630.708,11,2,high
40278130,4.604256,191.844,6,1,mid_low
40282151,1.475352,81.964,7,1,mid_low
40283246,7.17168,298.82,11,1,high
40284389,3.44916,156.78,11,1,high
40284455,38.57904,1607.46,10,1,high
40286139,29.31072,1221.28,7,1,mid_low
40286207,13.497984,562.416,5,1,mid_low
40290323,2.874048,119.75200000000001,8,1,mid_high
40292709,8.219952,474.228,11,1,high
40294418,4.12908,206.454,7,1,mid_low
40296697,44.80008,1866.67,5,1,mid_low
40298799,9.37344,468.672,10,2,high
40301289,89.54208,3730.92,11,1,high
40302657,5.0959200000000004,254.796,7,1,mid_low
40304041,8.938752000000001,372.448,10,1,high
40304458,6.41376,320.688,6,1,mid_low
40305938,93.5144,4675.72,10,1,high
40314407,1.68288,105.18,11,1,high
40317341,6.445056,268.544,7,1,mid_low
40317699,4.9720960000000005,310.756,11,1,high
40317725,0.41064,20.532,6,1,mid_low
40320920,231.443136,10848.896999999999,7,1,mid_low
40324595,26.24808,1093.67,11,1,high
40326459,7.207632,300.318,7,1,mid_low
40328602,1.097424,45.726,7,1,mid_low
40330460,4.225632,176.06799999999998,8,1,mid_high
40330936,11.090816,504.128,6,1,mid_low
40332713,111.75494400000001,4656.456,7,1,mid_low
40335094,0.309912,12.913,1,1,low
40336536,0.41280000000000006,20.64,11,2,high
40343229,14.869872,619.578,7,1,mid_low
40343235,58.598784,2441.616,11,1,high
40343349,5.4,270.0,10,1,high
40344441,2.063232,128.952,11,1,high
40344631,59.173140000000004,3413.835,11,1,high
40346294,4.42584,184.41,10,2,high
40346735,1.0862399999999999,54.312,11,1,high
40347987,1102.0233600000001,57397.05,7,1,mid_low
40350938,0.48163200000000006,30.102000000000004,11,1,high
40354159,8.422464,350.936,8,1,mid_high
40359725,3.862944,160.95600000000002,8,1,mid_high
40359964,2.4750400000000004,123.75200000000001,10,1,high
40361777,4.097472,170.728,11,1,high
40362372,36.32688,1816.344,2,1,low
40362960,10.086912000000002,420.288,11,1,high
40364437,1.9188,79.95,10,1,high
40370797,8.069280000000001,504.33,5,1,mid_low
40373702,0.608416,38.025999999999996,10,1,high
40375198,33.229440000000004,1384.56,11,1,high
40375452,2.1168,132.3,7,1,mid_low
40375624,2.412864,150.804,11,1,high
40376921,26.61552,1330.776,8,1,mid_high
40377025,69.344256,2889.344,11,1,high
40379286,0.25068,10.445,3,1,low
40386399,10.824704,492.032,9,1,mid_high
40387224,18.430079999999997,767.92,8,1,mid_high
40387973,2.146176,89.424,5,1,mid_low
40393044,4.201296,190.968,11,1,high
40394338,0.54264,27.132,10,1,high
40397436,0.681552,28.398000000000003,4,1,low
40398593,25.85592,1077.33,8,1,mid_high
40400290,8.75696,547.31,7,1,mid_low
40402993,12.994368,541.432,5,1,mid_low
40403157,0.283848,11.827,5,1,mid_low
40404738,0.92184,38.410000000000004,11,1,high
40405047,22.844672000000003,1070.844,11,1,high
40410548,1.5645120000000001,65.188,6,1,mid_low
40415360,1.093248,51.246,2,1,low
40415707,2.348208,97.842,6,1,mid_low
40418143,0.785328,32.722,6,1,mid_low
40420127,17.330560000000002,812.37,11,1,high
40420583,200.49152,9398.04,10,1,high
40422108,1.201728,75.108,6,1,mid_low
40423309,12.620032000000002,788.752,3,1,low
40424391,37.977344,1780.188,10,1,high
40424724,12.76512,531.88,11,1,high
40428220,8.810304,550.644,11,1,high
40428858,0.70332,29.305,7,1,mid_low
40433789,0.8198719999999999,51.242,10,1,high
40436008,4.234176,176.424,11,1,high
40436198,56.084544,2628.963,6,1,mid_low
40438744,2.718432,113.268,11,2,high
40439561,11.336448,708.528,10,1,high
40440468,14.327552,895.472,8,1,mid_high
40441757,3.84432,192.216,11,1,high
40442144,0.9848,49.24,11,1,high
40442739,1.365552,56.898,11,1,high
40443812,4.427712,184.488,7,1,mid_low
40444688,238.2624,11913.12,11,1,high
40446606,8.775072,365.628,4,1,low
40447148,0.11772000000000002,5.886,4,1,low
40447607,16.09704,804.852,9,1,mid_high
40451343,8.968256,560.5160000000001,8,1,mid_high
40453065,0.682704,28.445999999999998,11,1,high
40455818,4.02032,201.016,11,1,high
40455831,8.65376,432.688,10,1,high
40456956,0.81664,51.040000000000006,9,1,mid_high
40464013,2.360072,107.276,7,1,mid_low
40465271,2.3547520000000004,147.172,11,1,high
40466834,3.378528,211.158,7,1,mid_low
40467095,70.9376,4433.599999999999,11,1,high
40470184,1.3640400000000001,56.835,8,1,mid_high
40471782,1.459872,60.828,4,1,low
40472870,10.302336,429.264,10,1,high
40475977,17.983999999999998,843.0,11,1,high
40481724,0.05292,2.205,6,1,mid_low
40482202,5.543296,346.456,10,1,high
40482214,44.9874,2249.37,9,1,mid_high
40482628,11.998272,749.8919999999999,11,1,high
40486139,7.444223999999999,310.176,5,1,mid_low
40488687,0.24819200000000002,15.512,7,1,mid_low
40490541,1.4055360000000001,58.564,6,1,mid_low
40491166,0.342928,21.433,7,1,mid_low
40492932,4.027264,251.704,10,1,high
40493700,1.5405600000000002,64.19,4,1,low
40496560,9.07136,453.568,4,1,low
40496921,4.382064,182.58599999999998,7,1,mid_low
40500155,12.26304,510.96,8,1,mid_high
40503090,9.837552,409.898,10,1,high
40506314,6.770544,307.752,8,1,mid_high
40508427,9.265080000000001,421.14,11,1,high
40513273,26.004800000000003,1300.24,8,1,mid_high
40513792,0.287968,17.997999999999998,7,1,mid_low
40514899,1.691,84.55,5,1,mid_low
40518064,1.42128,59.22,10,1,high
40519265,2.979584,186.224,5,1,mid_low
40523120,0.72872,36.436,11,1,high
40529820,3.718176,199.18800000000002,9,1,mid_high
40530582,7.44744,372.372,8,1,mid_high
40531547,2.6676,111.14999999999999,8,1,mid_high
40533299,0.49551999999999996,30.97,11,1,high
40537894,16.772832,1048.3020000000001,11,1,high
40539560,0.166272,6.928,11,1,high
40539940,0.029344000000000002,1.834,7,1,mid_low
40541390,3.04488,126.87,8,1,mid_high
40546203,99.946496,4684.992,9,1,mid_high
40547855,2.1187840000000002,132.424,8,1,mid_high
40550861,3.8252800000000002,191.264,11,1,high
40551171,3.018176,188.636,9,1,mid_high
40551928,11.862144,494.25600000000003,6,1,mid_low
40553097,2.23344,101.52,8,1,mid_high
40553103,2.036448,127.278,11,1,high
40553538,1.28128,80.08,9,1,mid_high
40556135,2.890872,120.453,5,1,mid_low
40561799,3.3036000000000003,137.65,5,1,mid_low
40562446,0.41796,17.415,10,1,high
40563072,36.914328,1538.097,10,1,high
40563768,0.580944,36.309,7,1,mid_low
40566359,26.070528,1185.024,10,1,high
40570664,0.29966400000000004,12.486,3,1,low
40573060,111.74803200000001,5079.456,6,1,mid_low
40579481,1.911936,119.49600000000001,6,1,mid_low
40581032,4.477536000000001,186.564,11,1,high
40581318,24.739440000000002,1124.52,10,1,high
40581513,6.577056000000001,274.044,7,1,mid_low
40588769,1.82928,76.22,3,1,low
40592119,10.5412,527.06,10,1,high
40592825,30.093696,1253.904,6,1,mid_low
40600022,5.705184,237.716,7,1,mid_low
40600248,1.713216,71.384,11,1,high
40600901,6.50496,271.03999999999996,8,1,mid_high
40601945,0.708544,44.284,7,1,mid_low
40602190,2.1455599999999997,107.27799999999999,6,1,mid_low
40606081,3.977856,165.744,11,1,high
40606446,0.970848,40.452000000000005,6,1,mid_low
40606751,0.43833600000000006,18.264000000000003,10,1,high
40613629,10.842400000000001,542.12,9,1,mid_high
40617799,71.09308800000001,2962.212,10,1,high
40617820,111.71292000000001,5077.860000000001,11,1,high
40625735,1.1802240000000002,49.176,4,1,low
40627392,9.641952,401.748,11,1,high
40627509,4.571904000000001,285.744,10,1,high
40627792,18.001920000000002,750.08,11,1,high
40629837,2.7442320000000002,114.34299999999999,7,1,mid_low
40629983,13.10484,655.242,10,1,high
40632120,28.331856000000002,1180.4940000000001,11,1,high
40632380,17.744832,739.3679999999999,10,1,high
40632381,0.6974880000000001,29.062,11,2,high
40632529,31.350080000000002,1567.504,11,1,high
40633395,51.614976000000006,2419.452,9,1,mid_high
40636308,3.165,158.25,8,1,mid_high
40637721,24.11264,1205.632,9,1,mid_high
40639875,12.614784,591.318,8,1,mid_high
40641505,9.23104,461.552,7,1,mid_low
40649073,1.741824,72.576,8,1,mid_high
40649780,19.53232,976.616,10,1,high
40650088,5.65824,353.64,10,1,high
40650677,0.470656,29.416,11,1,high
40652691,10.954152,456.423,11,1,high
40652693,2.6073120000000003,108.638,3,1,low
40656815,1.243968,51.832,3,1,low
40656872,1.20288,50.12,7,1,mid_low
40657252,0.89376,37.239999999999995,7,1,mid_low
40659219,2.2988160000000004,95.784,6,1,mid_low
40660542,0.39679200000000003,16.533,3,1,low
40662952,1.0707119999999999,59.483999999999995,10,1,high
40663483,3.366792,187.04399999999998,7,1,mid_low
40666229,5.536128,230.672,8,1,mid_high
40666294,9.82152,491.076,10,1,high
40666605,5.996016,333.11199999999997,8,2,mid_high
40667364,39.337920000000004,1821.2,2,1,low
40670449,9.747539999999999,443.07,6,1,mid_low
40674303,11.921472000000001,496.728,7,1,mid_low
40674538,0.550656,34.416000000000004,6,1,mid_low
40675274,1.407168,58.632000000000005,10,1,high
40675594,2.19892,109.946,11,1,high
40677649,213.351936,13334.496,10,2,high
40678316,2.54936,127.46799999999999,8,1,mid_high
40682660,4.356744,181.53099999999998,5,1,mid_low
40683400,4.06624,254.14,11,1,high
40683629,7.302960000000001,456.435,11,1,high
40684719,1.79104,111.94,6,1,mid_low
40687270,0.837472,52.342,8,1,mid_high
40687625,0.3312,13.799999999999999,9,1,mid_high
40687807,8.3772,418.86,11,1,high
40688575,0.426528,17.772,6,1,mid_low
40689131,22.22928,1389.33,10,1,high
40691988,0.042816,1.784,9,1,mid_high
40695318,0.94248,47.124,11,1,high
40695372,3.880608,161.692,11,1,high
40697252,33.956864,1591.728,7,1,mid_low
40702960,11.474208,478.092,6,1,mid_low
40703303,9.380640000000001,390.86,6,1,mid_low
40703509,7.734096,322.254,7,1,mid_low
40704854,25.697472,1070.728,7,1,mid_low
40706008,24.611136000000002,1118.688,8,1,mid_high
40711276,9.152352,416.016,11,1,high
40712288,3.4642560000000002,144.344,11,1,high
40720422,26.377344,1099.056,7,1,mid_low
40723481,9.911616,412.984,11,1,high
40725013,8.228864,514.304,11,1,high
40726691,3.06576,170.32,11,1,high
40726928,41.18004,2059.002,6,1,mid_low
40727568,95.72832000000001,3988.68,11,1,high
40732132,7.223255999999999,300.969,8,1,mid_high
40733716,31.491584,1476.168,10,1,high
40734941,23.88876,1279.755,3,1,low
40736648,2.22354,111.17699999999999,8,1,mid_high
40744568,11.165056,697.816,7,1,mid_low
40745242,1.665472,104.092,8,1,mid_high
40747542,14.551680000000001,606.32,6,1,mid_low
40748321,3.23924,161.962,1,2,low
40752177,10.467360000000001,654.21,6,1,mid_low
40755311,1.792872,74.703,5,1,mid_low
40755707,5.5064,275.32,11,1,high
40759003,0.12481600000000001,7.801,8,1,mid_high
40760830,22.848672,1038.576,11,1,high
40765267,1.690496,105.656,11,1,high
40766008,154.984192,7044.736,10,1,high
40766308,7.0952,380.1,11,1,high
40768068,1.054144,65.884,10,1,high
40768498,0.382536,15.939,8,1,mid_high
40770824,30.435568,1601.872,3,1,low
40771877,0.625032,26.043,1,1,low
40772699,22.279104,928.296,10,1,high
40773868,2.757696,172.356,11,1,high
40774309,0.940064,58.754000000000005,1,1,low
40775481,3.6094720000000002,225.59199999999998,8,1,mid_high
40776587,3.713616,154.734,5,1,mid_low
40784090,25.84992,1615.62,7,1,mid_low
40786670,0.956544,39.855999999999995,5,1,mid_low
40788151,7.214976,300.624,11,1,high
40789357,6.2872319999999995,392.952,11,1,high
40790454,20.14704,1007.352,11,1,high
40791786,1.751808,109.488,8,1,mid_high
40791841,38.635872,1756.176,7,2,mid_low
