sampno,hh_total_vmt,hh_total_gallons,hh_state_fuel_tax_paid,hh_income_cat,hh_urbrur,hh_city,hh_num_vehicles,hh_avg_mpg,hh_income_group,hh_cpm
30001286,83.106,2.4956756756756757,1.5273535135135134,11,1,SAN FRANCISCO,1,33.3,high,0.12012012012012017
30001757,30.354,1.1037818181818182,0.6755144727272727,8,1,SAN FRANCISCO,2,27.5,mid_high,0.14545454545454545
30002316,26.038,0.84814332247557,0.5190637133550489,8,1,SAN FRANCISCO,1,30.7,mid_high,0.13029315960912052
30002949,828.9,28.391842751842752,17.375807764127764,8,1,ALAMEDA,3,29.433333333333334,mid_high,0.137009737009737
30003650,53.528,1.9464727272727274,1.191241309090909,7,1,OAKLAND,1,27.5,mid_low,0.14545454545454545
30003703,163.85,5.958181818181818,3.6464072727272727,10,1,SAN FRANCISCO,1,27.5,high,0.14545454545454548
30004504,1227.324,38.234392523364484,23.399448224299064,11,1,SAN FRANCISCO,1,32.1,high,0.12461059190031151
30004597,232.05599999999998,7.7035243243243245,4.714556886486487,10,1,SAN FRANCISCO,2,30.399999999999995,high,0.1327873327873328
30005074,110.03999999999999,4.001454545454545,2.448890181818182,8,1,SAN FRANCISCO,2,27.5,mid_high,0.1454545454545455
30006271,692.096,22.839601616004494,13.97783618899475,8,1,SAN FRANCISCO,2,30.549999999999997,mid_high,0.13200250610322553
30006850,330.624,12.02269090909091,7.357886836363636,10,1,OAKLAND,2,27.5,high,0.14545454545454545
30006987,22.6,0.8218181818181818,0.5029527272727272,4,1,SAN FRANCISCO,1,27.5,low,0.14545454545454545
30007141,104.682,3.3338216560509557,2.0402988535031845,11,1,SAN FRANCISCO,1,31.4,high,0.12738853503184713
30007800,227.43,8.270181818181818,5.061351272727273,10,1,SAN FRANCISCO,1,27.5,high,0.14545454545454545
30009516,6695.5199999999995,242.59765075212556,148.46976226030085,10,1,SAN FRANCISCO,3,27.6,high,0.1449313276651406
30010796,425.26,15.464,9.463968000000001,6,1,SAN FRANCISCO,1,27.5,mid_low,0.14545454545454542
30011093,509.32,18.520727272727274,11.33468509090909,9,1,SAN FRANCISCO,1,27.5,mid_high,0.14545454545454548
30011538,300.84200000000004,10.93970909090909,6.695101963636364,11,2,SAN FRANCISCO,1,27.5,high,0.14545454545454542
30011666,130.392,4.741527272727272,2.9018146909090907,6,1,DALY CITY,1,27.5,mid_low,0.14545454545454548
30017625,69.372,2.209299363057325,1.352091210191083,7,1,SAN FRANCISCO,1,31.399999999999995,mid_low,0.12738853503184713
30025699,34.185,1.2430909090909092,0.7607716363636364,4,1,SAN FRANCISCO,1,27.5,low,0.14545454545454545
30026807,81.84,2.6063694267515922,1.5950980891719744,7,1,DALY CITY,1,31.399999999999995,mid_low,0.12738853503184713
30027544,417.966,15.198763636363637,9.301643345454545,11,1,OAKLAND,2,27.5,high,0.14545454545454545
30027938,711.74,26.85811320754717,16.437165283018867,1,1,SAN FRANCISCO,1,26.5,low,0.15094339622641512
30029983,4269.1050000000005,164.3984625898893,100.61185910501226,11,1,ALAMEDA,3,28.266666666666666,high,0.1540355297795573
30031252,681.852,26.777159698302608,16.387621735361193,11,2,SAN FRANCISCO,3,27.066666666666666,high,0.15708487882005248
30031588,3130.56,113.22430869849575,69.2932769234794,10,1,OAKLAND,2,27.650000000000002,high,0.1446697187704382
30032396,15.195,0.45630630630630636,0.27925945945945946,5,1,SAN FRANCISCO,1,33.3,mid_low,0.12012012012012013
30033642,34.355,1.0702492211838006,0.6549925233644859,6,1,SAN FRANCISCO,1,32.1,mid_low,0.12461059190031154
30034649,111.656,4.060218181818183,2.4848535272727275,8,1,OAKLAND,1,27.5,mid_high,0.14545454545454542
30035545,23371.866,849.8860363636363,520.1302542545454,9,1,OAKLAND,6,27.5,mid_high,0.14545454545454548
30036272,782.056,28.438399999999998,17.4043008,5,1,OAKLAND,2,27.5,mid_low,0.14545454545454542
30037046,25.396,0.7472579207449523,0.45732184749591087,4,1,SAN FRANCISCO,2,34.0,low,0.11769694766812923
30037447,341.664,11.776632987859045,7.207299388569735,2,1,DALY CITY,2,29.099999999999998,low,0.13787385253183299
30037492,1591.268,51.861079172124704,31.738980453340318,6,1,OAKLAND,2,31.1,mid_low,0.13036416033534187
30037730,311.152,9.909299363057325,6.064491210191083,7,1,DALY CITY,1,31.399999999999995,mid_low,0.12738853503184713
30040433,1712.142,62.25970909090909,38.10294196363636,8,1,SAN FRANCISCO,2,27.5,mid_high,0.14545454545454545
30040845,28.893,0.9411400651465798,0.5759777198697068,8,1,SAN FRANCISCO,1,30.7,mid_high,0.13029315960912052
30041823,280.944,10.216145454545455,6.252281018181818,7,1,SAN FRANCISCO,1,27.5,mid_low,0.1454545454545454
30042274,2953.072,106.80502393721386,65.36467464957488,7,1,SAN FRANCISCO,2,27.650000000000002,mid_low,0.14466971877043822
30043222,81.972,2.9808,1.8242496,9,1,SAN FRANCISCO,1,27.5,mid_high,0.14545454545454545
30044225,98.547,3.544856115107913,2.169451942446043,8,1,OAKLAND,1,27.8,mid_high,0.14388489208633093
30044959,63.190000000000005,2.012420382165605,1.2316012738853503,4,1,OAKLAND,1,31.4,low,0.12738853503184716
30045097,37.179,1.1164864864864865,0.6832897297297298,7,1,SAN FRANCISCO,1,33.3,mid_low,0.12012012012012015
30046310,242.136,7.887166123778502,4.826945667752443,11,1,ALAMEDA,1,30.700000000000003,high,0.13029315960912055
30046784,334.072,12.148072727272726,7.434620509090908,5,1,SAN FRANCISCO,1,27.5,mid_low,0.1454545454545454
30047212,2.64,0.096,0.058752,7,1,SAN FRANCISCO,1,27.5,mid_low,0.14545454545454545
30047221,450.08,16.366545454545452,10.016325818181818,7,1,OAKLAND,1,27.5,mid_low,0.14545454545454545
30048597,15317.235,484.4258653231453,296.46862957776494,10,1,SAN FRANCISCO,3,31.633333333333333,high,0.1265047811365812
30049614,103.24000000000001,3.2520487330595076,1.9902538246324184,11,1,SAN FRANCISCO,2,31.75,high,0.12599956346607932
30050996,210.272,6.623545052284858,4.053609571998333,10,1,SAN FRANCISCO,2,31.75,high,0.12599956346607932
30051693,10.556000000000001,0.36384909683150723,0.22267564726088243,7,1,OAKLAND,2,29.1,mid_low,0.13787385253183296
30052047,101.968,3.176573208722741,1.9440628037383176,8,1,DALY CITY,1,32.1,mid_high,0.12461059190031153
30052378,50.352000000000004,1.6035668789808917,0.9813829299363057,11,1,SAN FRANCISCO,2,31.399999999999995,high,0.12738853503184713
30053919,931.264,30.350862352632955,18.57472775981137,11,1,OAKLAND,2,31.100000000000005,high,0.13036416033534187
30054089,469.18399999999997,15.838780175587653,9.693333467459643,10,1,OAKLAND,2,29.8,high,0.1350325686774285
30056852,3654.944,124.01869583434801,75.89944185062097,11,1,SAN FRANCISCO,4,29.625,high,0.13572705446031239
30058537,810.712,29.480436363636365,18.042027054545454,11,1,SAN FRANCISCO,1,27.5,high,0.14545454545454545
30060239,9.792,0.35607272727272726,0.2179165090909091,6,1,SAN FRANCISCO,1,27.5,mid_low,0.14545454545454548
30060943,292.908,10.6512,6.518534399999999,7,2,OAKLAND,2,27.5,mid_low,0.14545454545454545
30061034,500.32,16.115413182846115,9.862632867901823,11,1,OAKLAND,2,31.049999999999997,high,0.12884084732048381
30061352,17.932,0.6520727272727272,0.3990685090909091,8,1,SAN FRANCISCO,1,27.5,mid_high,0.14545454545454545
30063048,435.216,12.542247838616714,7.675855677233429,9,1,ALAMEDA,1,34.7,mid_high,0.11527377521613835
30064568,169.78199999999998,5.289158878504672,3.2369652336448596,9,1,SAN FRANCISCO,1,32.1,mid_high,0.12461059190031153
30064613,60.424,2.197236363636364,1.3447086545454545,11,1,SAN FRANCISCO,1,27.5,high,0.14545454545454548
30065974,4575.78,166.392,101.831904,11,1,SAN FRANCISCO,3,27.5,high,0.14545454545454548
30066284,24718.176,898.8427636363637,550.0917713454545,6,1,DALY CITY,4,27.5,mid_low,0.14545454545454545
30067341,10.096,0.36712727272727275,0.2246818909090909,10,1,OAKLAND,2,27.5,high,0.14545454545454545
30067719,113.14500000000001,3.9910969005058345,2.4425513031095707,10,1,OAKLAND,5,28.64,high,0.1410967130851857
30068884,237.904,8.651054545454546,5.294445381818182,10,1,SAN FRANCISCO,1,27.5,high,0.14545454545454548
30068983,2332.26,84.80945454545454,51.90338618181818,6,1,OAKLAND,3,27.5,mid_low,0.14545454545454545
30069387,2146.208,71.24730898170898,43.6033530968059,4,1,DALY CITY,4,30.399999999999995,low,0.1327873327873328
30070842,872.575,31.73,19.41876,9,2,OAKLAND,1,27.5,mid_high,0.14545454545454542
30071011,119.83200000000001,4.3105035971223025,2.638028201438849,8,1,OAKLAND,1,27.8,mid_high,0.14388489208633093
30071074,1679.52,61.073454545454545,37.37695418181818,11,1,SAN FRANCISCO,2,27.5,high,0.14545454545454545
30071324,5.064,0.16504102698454282,0.10100510851454021,7,1,SAN FRANCISCO,2,31.1,mid_low,0.1303641603353419
30071402,292.072,9.098816199376946,5.568475514018691,6,1,SAN FRANCISCO,1,32.1,mid_low,0.12461059190031148
30071528,437.2,15.898181818181818,9.729687272727272,11,1,SAN FRANCISCO,2,27.5,high,0.14545454545454545
30071654,1062.636,38.64130909090909,23.648481163636365,5,1,SAN FRANCISCO,2,27.5,mid_low,0.14545454545454545
30072193,2193.4,79.76,48.81312,7,2,ALAMEDA,1,27.5,mid_low,0.14545454545454542
30072601,892.197,32.44352727272727,19.85543869090909,6,1,OAKLAND,1,27.5,mid_low,0.14545454545454545
30074374,12.774000000000001,0.45949640287769783,0.2812117985611511,5,1,OAKLAND,1,27.8,mid_low,0.14388489208633093
30074919,186.852,6.794618181818182,4.158306327272727,6,1,SAN FRANCISCO,2,27.5,mid_low,0.14545454545454545
30086132,4.104,0.14923636363636364,0.09133265454545454,7,1,SAN FRANCISCO,1,27.5,mid_low,0.14545454545454545
30089487,10.148,0.36503597122302156,0.2234020143884892,7,1,DALY CITY,1,27.8,mid_low,0.14388489208633093
30090726,1165.17,42.36981818181818,25.930328727272723,9,1,SAN FRANCISCO,2,27.5,mid_high,0.14545454545454548
30090882,279.94,8.720872274143302,5.337173831775701,10,1,SAN FRANCISCO,1,32.1,high,0.12461059190031153
30091459,1187.0040000000001,40.071049787595584,24.523482470008496,6,1,SAN FRANCISCO,2,29.800000000000004,mid_low,0.1350325686774285
30091973,6.168,0.2218705035971223,0.13578474820143885,3,1,ALAMEDA,1,27.8,low,0.14388489208633093
30093093,53.532,1.9466181818181818,1.1913303272727274,5,1,SAN FRANCISCO,1,27.5,mid_low,0.14545454545454548
30093131,2248.46,81.76218181818182,50.03845527272727,7,1,ALAMEDA,2,27.5,mid_low,0.14545454545454542
30093955,1057.932,38.33187233485938,23.459105868933943,8,1,ALAMEDA,3,27.6,mid_high,0.1449313276651406
30094733,56.992,2.0724363636363634,1.2683310545454545,8,1,SAN FRANCISCO,2,27.5,mid_high,0.14545454545454545
30095549,96.376,3.5045818181818182,2.1448040727272724,6,1,SAN FRANCISCO,1,27.5,mid_low,0.14545454545454545
30097936,2242.323,76.80502113022114,47.00467293169533,10,2,SAN FRANCISCO,3,29.433333333333334,high,0.13700973700973704
30097981,265.84,9.66690909090909,5.916148363636363,4,1,OAKLAND,1,27.5,low,0.14545454545454545
30099392,1730.048,62.91083636363636,38.50143185454545,11,1,OAKLAND,1,27.5,high,0.14545454545454545
30100562,223.77599999999998,8.13730909090909,4.980033163636364,10,1,SAN FRANCISCO,2,27.5,high,0.14545454545454548
30102614,4051.136,136.75882503540072,83.69640092166524,8,1,SAN FRANCISCO,2,29.8,mid_high,0.13503256867742847
30102880,153.048,4.874140127388535,2.9829737579617834,11,1,ALAMEDA,1,31.4,high,0.1273885350318471
30104033,3096.352,112.59461818181818,68.90790632727273,7,1,SAN FRANCISCO,2,27.5,mid_low,0.14545454545454545
30104991,159.59,4.792492492492493,2.9330054054054058,11,1,SAN FRANCISCO,1,33.3,high,0.12012012012012017
30105105,47.688,1.485607476635514,0.9091917757009346,11,1,SAN FRANCISCO,1,32.1,high,0.12461059190031151
30106841,439.528,15.982836363636363,9.781495854545454,11,1,OAKLAND,2,27.5,high,0.14545454545454545
30108006,103.626,3.440055036855037,2.1053136825552827,10,1,OAKLAND,2,30.4,high,0.13278733278733276
30110568,11.648,0.42356363636363636,0.25922094545454544,9,1,SAN FRANCISCO,1,27.5,mid_high,0.14545454545454545
30111758,47.92,1.6176901727555935,0.9900263857264231,7,1,SAN FRANCISCO,2,29.8,mid_low,0.13503256867742847
30114124,60.819,2.2116000000000002,1.3534992000000001,6,1,OAKLAND,1,27.5,mid_low,0.14545454545454545
30114128,33.845,1.2307272727272727,0.7532050909090908,11,1,OAKLAND,1,27.5,high,0.14545454545454545
30114305,106.2,3.861818181818182,2.3634327272727274,11,1,SAN FRANCISCO,2,27.5,high,0.14545454545454545
30114382,132.246,4.211656050955415,2.5775335031847137,9,1,SAN FRANCISCO,1,31.4,mid_high,0.12738853503184716
30115304,44.992,1.6184172661870502,0.9904713669064746,8,1,SAN FRANCISCO,1,27.8,mid_high,0.14388489208633093
30115420,2054.268,74.70065454545454,45.716800581818184,10,1,OAKLAND,2,27.5,high,0.14545454545454545
30115523,576.966,20.980581818181818,12.840116072727271,4,1,SAN FRANCISCO,2,27.5,low,0.1454545454545454
30117074,135.066,4.91149090909091,3.0058324363636366,7,1,ALAMEDA,3,27.5,mid_low,0.14545454545454545
30117684,3597.98,124.01684098312111,75.89830668167012,8,1,OAKLAND,2,29.1,mid_high,0.13787385253183296
30118560,158.8,5.175457165313073,3.1673797851716006,6,1,SAN FRANCISCO,2,31.100000000000005,mid_low,0.13036416033534187
30128796,59.946999999999996,2.15636690647482,1.3196965467625899,8,1,SAN FRANCISCO,1,27.8,mid_high,0.14388489208633093
30129439,9.053999999999998,0.3292363636363636,0.2014926545454545,11,1,OAKLAND,1,27.5,high,0.1454545454545455
30129542,6.293,0.22883636363636362,0.14004785454545454,11,1,SAN FRANCISCO,1,27.5,high,0.14545454545454542
30130367,570.216,19.65446917382292,12.028535134379627,9,1,SAN FRANCISCO,2,29.1,mid_high,0.137873852531833
30131095,7654.2029999999995,278.33465454545455,170.34080858181818,9,1,SAN FRANCISCO,1,27.5,mid_high,0.14545454545454548
30134588,1300.7199999999998,40.242432241158355,24.62836853158891,11,1,SAN FRANCISCO,2,32.349999999999994,high,0.12375432757598366
30134694,222.18,8.079272727272727,4.944514909090909,4,1,OAKLAND,1,27.5,low,0.14545454545454545
30135305,761.664,23.841347536461544,14.590904692314465,8,1,SAN FRANCISCO,2,32.0,mid_high,0.1252066398646203
30135384,623.12,21.25174753908512,13.006069493920094,6,1,ALAMEDA,2,29.45,mid_low,0.13642154024319628
30135526,2127.336,70.62081834561835,43.21994082751843,10,1,SAN FRANCISCO,2,30.4,high,0.1327873327873328
30137501,1307.52,47.54618181818182,29.098263272727273,8,1,ALAMEDA,2,27.5,mid_high,0.14545454545454542
30139730,1448.6100000000001,45.6310569081493,27.926206827787368,11,1,SAN FRANCISCO,2,31.75,high,0.12599956346607935
30142155,382.196,12.449381107491858,7.619021237785017,9,1,SAN FRANCISCO,1,30.7,mid_high,0.13029315960912052
30142992,3176.9519999999998,109.50465288717797,67.0168475669529,11,1,OAKLAND,2,29.099999999999998,high,0.13787385253183299
30143447,5532.288,181.9549834041348,111.3564498433305,8,1,OAKLAND,3,30.566666666666666,mid_high,0.1315585764183895
30146681,297.656,9.136808944043405,5.591727073754564,11,1,SAN FRANCISCO,2,32.7,high,0.12278346741262937
30146823,252.612,7.279884726224783,4.455289452449567,8,1,DALY CITY,1,34.7,mid_high,0.11527377521613832
30148773,81.126,2.527289719626168,1.546701308411215,8,1,SAN FRANCISCO,1,32.1,mid_high,0.12461059190031151
30150798,510.0,17.21665250637213,10.536591333899745,10,1,OAKLAND,2,29.8,high,0.13503256867742847
30151163,1297.186,47.1704,28.868284799999998,6,1,SAN FRANCISCO,1,27.5,mid_low,0.14545454545454545
30151712,500.07,16.288925081433227,9.968822149837134,7,1,OAKLAND,1,30.7,mid_low,0.13029315960912055
30154206,84.998,3.090836363636364,1.8915918545454549,6,1,OAKLAND,1,27.5,mid_low,0.14545454545454548
30157808,494.82,17.993454545454547,11.011994181818181,8,1,SAN FRANCISCO,1,27.5,mid_high,0.14545454545454542
30158051,518.98,17.700012738853506,10.832407796178344,7,1,OAKLAND,2,29.45,mid_low,0.13642154024319633
30161092,151.508,5.167238679791547,3.1623500720324267,8,1,OAKLAND,2,29.449999999999996,mid_high,0.13642154024319628
30162777,21.096,0.7671272727272729,0.469481890909091,8,1,SAN FRANCISCO,1,27.5,mid_high,0.14545454545454545
30163265,617.37,22.44981818181818,13.739288727272726,5,1,SAN FRANCISCO,1,27.5,mid_low,0.14545454545454545
30163905,11.829,0.4301454545454546,0.2632490181818182,9,1,SAN FRANCISCO,1,27.5,mid_high,0.14545454545454542
30164169,1289.166,44.470858637881534,27.2161654863835,10,1,SAN FRANCISCO,3,29.133333333333333,high,0.13798334314706262
30165692,392.28000000000003,14.264727272727272,8.730013090909091,11,1,SAN FRANCISCO,1,27.5,high,0.14545454545454542
30165799,36.848,1.3399272727272726,0.8200354909090909,11,1,OAKLAND,1,27.5,high,0.14545454545454548
30165941,255.03,9.273818181818182,5.675576727272727,10,1,SAN FRANCISCO,1,27.5,high,0.14545454545454545
30168625,541.916,19.706036363636365,12.060094254545454,7,1,SAN FRANCISCO,2,27.5,mid_low,0.14545454545454548
30168877,61.89,2.2505454545454544,1.3773338181818182,10,1,OAKLAND,2,27.5,high,0.14545454545454545
30169685,436.044,15.856145454545455,9.703961018181818,5,1,SAN FRANCISCO,2,27.5,mid_low,0.14545454545454548
30170019,5487.72,187.1608037058483,114.54241186797915,2,1,SAN FRANCISCO,2,29.45,low,0.13642154024319628
30170586,222.144,7.576306658946149,4.636699675275043,7,1,DALY CITY,2,29.450000000000003,mid_low,0.1364215402431963
30170648,79.73400000000001,2.8994181818181817,1.7744439272727273,5,1,OAKLAND,1,27.5,mid_low,0.14545454545454542
30171102,465.46799999999996,16.92610909090909,10.358778763636364,9,1,SAN FRANCISCO,2,27.5,mid_high,0.14545454545454548
30171206,268.79200000000003,8.071831831831833,4.939961081081082,8,1,SAN FRANCISCO,2,33.3,mid_high,0.1201201201201201
30172717,2179.296,72.18076653480456,44.17462911930039,11,1,OAKLAND,3,30.333333333333332,high,0.1324845574622347
30172766,660.1080000000001,20.56411214953271,12.585236635514018,3,1,OAKLAND,1,32.1,low,0.12461059190031153
30173006,10.504999999999999,0.382,0.233784,10,1,SAN FRANCISCO,1,27.5,high,0.14545454545454545
30179514,387.444,13.354599230085876,8.173014728812555,11,1,OAKLAND,2,29.1,high,0.13787385253183299
30180348,30.112000000000002,1.0949818181818183,0.6701288727272727,9,1,SAN FRANCISCO,2,27.5,mid_high,0.14545454545454542
30181123,375.0,13.636363636363637,8.345454545454546,8,2,OAKLAND,2,27.5,mid_high,0.14545454545454545
30181354,165.99599999999998,6.036218181818182,3.694165527272727,11,1,SAN FRANCISCO,1,27.5,high,0.1454545454545455
30183736,381.08399999999995,11.871775700934577,7.265526728971961,11,1,OAKLAND,1,32.1,high,0.12461059190031153
30183821,732.78,22.82803738317757,13.970758878504672,8,1,DALY CITY,1,32.1,mid_high,0.12461059190031151
30184454,226.736,8.244945454545455,5.045906618181818,6,1,SAN FRANCISCO,1,27.5,mid_low,0.14545454545454545
30185293,86.285,2.486599423631124,1.521798847262248,11,1,SAN FRANCISCO,1,34.7,high,0.11527377521613834
30186778,357.912,11.881544963144965,7.271505517444718,11,1,OAKLAND,2,30.4,high,0.13278733278733282
30187153,3565.8,129.66545454545457,79.35525818181819,6,1,SAN FRANCISCO,3,27.5,mid_low,0.14545454545454542
30188631,255.832,9.302981818181818,5.693424872727272,7,1,OAKLAND,2,27.5,mid_low,0.14545454545454542
30189758,142.5,4.2792792792792795,2.618918918918919,1,1,OAKLAND,1,33.3,low,0.12012012012012013
30190742,183.85,6.6854545454545455,4.0914981818181815,9,1,SAN FRANCISCO,1,27.5,mid_high,0.14545454545454548
30192757,3488.128,126.84101818181819,77.62670312727272,6,1,OAKLAND,2,27.5,mid_low,0.14545454545454545
30193556,80.195,2.916181818181818,1.7847032727272725,8,1,OAKLAND,1,27.5,mid_high,0.14545454545454548
30193730,324.416,11.796945454545455,7.219730618181818,3,1,OAKLAND,1,27.5,low,0.14545454545454545
30193931,933.528,28.55787151637619,17.477417368022227,10,1,SAN FRANCISCO,2,32.699999999999996,high,0.12236535601021584
30195014,543.468,19.762472727272726,12.09463330909091,11,1,SAN FRANCISCO,1,27.5,high,0.14545454545454542
30195522,2812.995,96.3519262899263,58.96737888943489,4,1,SAN FRANCISCO,3,29.433333333333334,low,0.13700973700973704
30196882,851.544,30.96523636363636,18.950724654545454,5,1,OAKLAND,2,27.5,mid_low,0.14545454545454548
30196898,9.344,0.31543608043047294,0.19304688122344943,8,1,SAN FRANCISCO,2,29.8,mid_high,0.1350325686774285
30198261,278.748,10.13629090909091,6.203410036363636,11,1,SAN FRANCISCO,1,27.5,high,0.14545454545454542
30201218,238.79199999999997,7.439003115264796,4.5526699065420555,11,1,OAKLAND,1,32.1,high,0.12461059190031154
30201368,156.87,5.704363636363637,3.4910705454545456,9,1,SAN FRANCISCO,1,27.5,mid_high,0.1454545454545454
30201548,642.582,23.366618181818183,14.300370327272727,7,1,SAN FRANCISCO,1,27.5,mid_low,0.14545454545454542
30205588,52.136,1.502478386167147,0.7001549279538904,10,1,OAKLAND,1,34.7,high,0.12968299711815562
30208704,4185.344,152.19432727272726,93.1429282909091,11,1,OAKLAND,1,27.5,high,0.14545454545454545
30209375,12.114999999999998,0.4405454545454545,0.2696138181818182,8,1,SAN FRANCISCO,1,27.5,mid_high,0.14545454545454545
30210830,31.769000000000002,0.9896884735202492,0.6056893457943926,10,1,SAN FRANCISCO,1,32.1,high,0.12461059190031153
30210855,391.31199999999995,11.277002881844378,6.90152576368876,11,1,SAN FRANCISCO,1,34.7,high,0.11527377521613832
30212051,208.055,7.565636363636364,4.630169454545455,10,1,SAN FRANCISCO,1,27.5,high,0.14545454545454545
30214254,1486.9080000000001,54.06938181818182,33.09046167272727,8,1,SAN FRANCISCO,2,27.5,mid_high,0.14545454545454545
30215169,746.61,27.149454545454546,16.61546618181818,8,1,SAN FRANCISCO,3,27.5,mid_high,0.14545454545454545
30215832,41.314,1.5023272727272725,0.9194242909090908,6,1,SAN FRANCISCO,1,27.5,mid_low,0.14545454545454542
30216186,287.73900000000003,9.372605863192183,5.736034788273615,6,1,ALAMEDA,1,30.700000000000003,mid_low,0.13029315960912052
30217454,440.088,16.0032,9.7939584,11,1,SAN FRANCISCO,1,27.5,high,0.14545454545454545
30218193,447.42,16.26981818181818,9.957128727272726,10,1,SAN FRANCISCO,1,27.5,high,0.14545454545454545
30219187,1144.56,35.411063292591955,21.671570735066275,11,1,SAN FRANCISCO,2,32.35,high,0.12375432757598366
30220117,27.27,0.9916363636363636,0.6068814545454545,2,1,OAKLAND,1,27.5,low,0.14545454545454545
30221376,304.152,11.060072727272727,6.768764509090909,8,1,SAN FRANCISCO,1,27.5,mid_high,0.14545454545454545
30222310,157.256,5.7184,3.4996608,9,1,SAN FRANCISCO,2,27.5,mid_high,0.14545454545454545
30223846,586.26,21.318545454545454,13.046949818181817,6,1,SAN FRANCISCO,1,27.5,mid_low,0.14545454545454548
30226961,49.207,1.7893454545454546,1.0950794181818182,5,1,ALAMEDA,1,27.5,mid_low,0.14545454545454545
30227058,54.292,1.9742545454545455,1.2082437818181817,5,1,OAKLAND,1,27.5,mid_low,0.14545454545454545
30228677,55.611999999999995,2.0222545454545453,1.2376197818181818,7,1,SAN FRANCISCO,2,27.5,mid_low,0.14545454545454545
30229733,403.02,12.695086017024824,7.769392642419192,11,2,SAN FRANCISCO,2,31.75,high,0.12599956346607935
30231735,472.816,17.19330909090909,10.522305163636362,10,1,SAN FRANCISCO,1,27.5,high,0.14545454545454542
30232000,232.632,8.459345454545455,5.177119418181818,9,1,OAKLAND,1,27.5,mid_high,0.14545454545454545
30232307,197.61,7.185818181818182,4.397720727272727,7,1,OAKLAND,1,27.5,mid_low,0.14545454545454542
30233441,5296.896,192.6144,117.88001279999999,11,1,OAKLAND,2,27.5,high,0.1454545454545455
30233863,256.718,9.3352,5.7131424,7,1,SAN FRANCISCO,1,27.5,mid_low,0.1454545454545454
30234573,350.448,10.09936599423631,6.180811988472621,8,1,SAN FRANCISCO,1,34.7,mid_high,0.11527377521613834
30235620,60.782,2.2102545454545455,1.3526757818181818,4,1,SAN FRANCISCO,1,27.5,low,0.14545454545454548
30237308,610.3199999999999,19.890963583966464,12.173269713387477,9,1,SAN FRANCISCO,2,31.100000000000005,mid_high,0.1303641603353419
30238018,158.95999999999998,5.780363636363636,3.537582545454545,7,1,SAN FRANCISCO,2,27.5,mid_low,0.14545454545454548
30239275,478.38599999999997,17.395854545454547,10.646262981818182,11,1,SAN FRANCISCO,1,27.5,high,0.14545454545454545
30240383,0.304,0.011054545454545454,0.0067653818181818174,11,1,SAN FRANCISCO,1,27.5,high,0.14545454545454545
30241755,276.28999999999996,10.04690909090909,6.148708363636363,11,1,SAN FRANCISCO,1,27.5,high,0.14545454545454545
30242037,272.648,8.683057324840764,5.314031082802548,7,1,SAN FRANCISCO,1,31.4,mid_low,0.1273885350318471
30242521,753.924,27.415418181818183,16.77823592727273,11,2,SAN FRANCISCO,2,27.5,high,0.14545454545454545
30244975,280.779,10.210145454545454,6.248609018181818,11,1,SAN FRANCISCO,1,27.5,high,0.14545454545454545
30246007,1477.504,50.390842848870875,30.839195823508977,11,1,SAN FRANCISCO,2,29.45,high,0.1364215402431963
30248202,12.584,0.4576,0.2800512,4,1,OAKLAND,1,27.5,low,0.14545454545454545
30251671,91.072,2.6245533141210373,1.6062266282420747,6,1,SAN FRANCISCO,1,34.7,mid_low,0.1152737752161383
30252659,188.024,6.8372363636363644,4.1843886545454545,8,1,SAN FRANCISCO,1,27.5,mid_high,0.14545454545454545
30253126,1997.55,68.85247853124075,42.13771686111934,3,1,SAN FRANCISCO,2,29.1,low,0.13787385253183299
30254981,281.216,8.802527609042267,5.387146896733868,9,1,OAKLAND,2,32.0,mid_high,0.1252066398646203
30255185,42.583,1.5484727272727272,0.9476653090909091,4,1,SAN FRANCISCO,1,27.5,low,0.14545454545454545
30255564,5.962,0.2168,0.13268159999999998,8,1,SAN FRANCISCO,1,27.5,mid_high,0.14545454545454545
30255607,3082.401,99.69431534452808,61.012920990851185,11,2,OAKLAND,3,31.2,high,0.129372285234177
30255670,1076.632,39.150254545454544,23.95995578181818,4,2,SAN FRANCISCO,1,27.5,low,0.14545454545454545
30256146,978.216,35.571490909090905,21.769752436363635,11,1,SAN FRANCISCO,1,27.5,high,0.14545454545454545
30257094,30.463,0.9701592356687899,0.5937374522292994,3,1,OAKLAND,1,31.4,low,0.12738853503184713
30257603,187.14,6.731654676258993,4.1197726618705035,6,1,OAKLAND,1,27.8,mid_low,0.14388489208633098
30258786,175.084,6.366690909090909,3.896414836363636,7,1,OAKLAND,1,27.5,mid_low,0.14545454545454545
30258919,1216.536,39.64817353942887,24.26468220613047,10,1,ALAMEDA,2,31.1,high,0.13036416033534187
30259039,255.867,8.334429967426711,5.100671140065147,9,1,SAN FRANCISCO,1,30.7,mid_high,0.13029315960912055
30261705,371.304,13.501963636363636,8.263201745454545,10,1,SAN FRANCISCO,1,27.5,high,0.14545454545454545
30263243,720.9920000000001,22.46080996884735,13.74601570093458,8,1,ALAMEDA,1,32.1,mid_high,0.12461059190031153
30263808,697.104,25.349236363636365,15.513732654545455,10,1,SAN FRANCISCO,1,27.5,high,0.14545454545454542
30264337,400.216,14.55330909090909,8.906625163636363,7,1,SAN FRANCISCO,1,27.5,mid_low,0.14545454545454545
30264954,1076.982,39.16298181818182,23.967744872727273,7,1,SAN FRANCISCO,3,27.5,mid_low,0.14545454545454548
30265030,122.768,4.001136809012313,2.4486957271155356,11,2,SAN FRANCISCO,2,31.1,high,0.1303641603353419
30265106,1396.432,50.77934545454545,31.076959418181815,7,1,SAN FRANCISCO,2,27.5,mid_low,0.14545454545454545
30268109,4281.03,155.6738181818182,95.27237672727274,7,2,OAKLAND,1,27.5,mid_low,0.14545454545454542
30269506,45.994,1.4981758957654723,0.916883648208469,10,1,OAKLAND,1,30.7,high,0.13029315960912052
30269544,10.370000000000001,0.3770909090909091,0.23077963636363638,10,1,SAN FRANCISCO,1,27.5,high,0.14545454545454545
30271168,450.472,16.3808,10.025049600000001,9,1,OAKLAND,2,27.5,mid_high,0.14545454545454548
30271548,411.035,14.946727272727273,9.147397090909092,9,1,SAN FRANCISCO,1,27.5,mid_high,0.14545454545454542
30272612,98.304,3.574690909090909,2.1877108363636366,6,1,SAN FRANCISCO,1,27.5,mid_low,0.14545454545454545
30274853,235.668,8.523505820797906,5.216385562328319,9,1,SAN FRANCISCO,2,27.65,mid_high,0.14466971877043822
30277067,579.256,21.063854545454543,12.89107898181818,11,1,SAN FRANCISCO,1,27.5,high,0.14545454545454548
30277572,514.788,17.9445498552403,10.982064511407064,8,1,SAN FRANCISCO,3,28.8,mid_high,0.13943254198031266
30278317,2683.664,93.33846399126399,57.12313996265356,8,1,SAN FRANCISCO,4,28.950000000000003,mid_high,0.1391209391209391
30278382,874.48,29.520820164259415,18.066741940526764,9,1,SAN FRANCISCO,2,29.8,mid_high,0.1350325686774285
30278974,57.748000000000005,1.0499636363636364,0.6425777454545455,10,1,SAN FRANCISCO,2,30.4,high,0.07272727272727272
30282700,823.644,28.090695773016794,17.191505813086277,3,1,SAN FRANCISCO,2,29.45,low,0.13642154024319628
30282978,5168.688,178.1567317737637,109.03191984554337,11,1,SAN FRANCISCO,2,29.1,high,0.13787385253183299
30283234,103.48400000000001,3.763054545454546,2.3029893818181817,8,1,SAN FRANCISCO,1,27.5,mid_high,0.14545454545454545
30284870,46.878,1.7046545454545454,1.0432485818181818,11,1,SAN FRANCISCO,1,27.5,high,0.14545454545454545
30285060,188.796,6.865309090909091,4.201569163636364,5,1,OAKLAND,1,27.5,mid_low,0.14545454545454542
30285621,742.668,25.598624578027835,15.666358241753034,10,1,SAN FRANCISCO,2,29.1,high,0.137873852531833
30285663,23.97,0.8716363636363635,0.5334414545454544,3,1,OAKLAND,1,27.5,low,0.14545454545454545
30287808,210.0,7.636363636363637,4.673454545454545,10,1,OAKLAND,2,27.5,high,0.14545454545454545
30290256,173.01000000000002,6.291272727272728,3.850258909090909,6,1,SAN FRANCISCO,1,27.5,mid_low,0.14545454545454548
30290756,1021.9680000000001,33.053583899050345,20.228793346218808,8,1,OAKLAND,3,31.2,mid_high,0.12937228523417693
30290838,131.048,4.054439280044376,2.481316839387158,10,1,SAN FRANCISCO,2,32.349999999999994,high,0.12375432757598362
30291404,2088.648,75.95083636363637,46.48191185454546,3,1,OAKLAND,2,27.5,low,0.14545454545454545
30292052,113.05799999999999,4.1112,2.5160544,7,1,OAKLAND,1,27.5,mid_low,0.14545454545454545
30293531,643.336,19.74775619784284,12.085626793079818,7,1,SAN FRANCISCO,2,32.7,mid_low,0.12278346741262941
30294517,95.464,2.866786786786787,1.7544735135135134,9,1,ALAMEDA,1,33.3,mid_high,0.12012012012012013
30297750,90.09,2.8691082802547774,1.7558942675159237,11,1,SAN FRANCISCO,1,31.399999999999995,high,0.12738853503184713
30298457,1443.4360000000001,52.488581818181814,32.12301207272727,7,1,SAN FRANCISCO,2,27.5,mid_low,0.14545454545454542
30300856,885.264,32.19141818181818,19.701147927272725,10,1,SAN FRANCISCO,1,27.5,high,0.14545454545454545
30301969,138.36,5.031272727272727,3.079138909090909,8,1,OAKLAND,1,27.5,mid_high,0.14545454545454542
30302147,1417.98,47.47040798487527,29.051889686743664,11,2,OAKLAND,4,30.1,high,0.13390995073238063
30303882,349.59999999999997,12.712727272727273,7.780189090909091,11,1,SAN FRANCISCO,2,27.5,high,0.14545454545454545
30307645,34.038,1.2377454545454545,0.7575002181818182,10,1,OAKLAND,2,27.5,high,0.14545454545454545
30308491,239.91199999999998,7.277200022026836,4.453646413480423,11,1,SAN FRANCISCO,2,33.050000000000004,high,0.12133115512399274
30309431,142.656,4.283963963963965,2.621785945945946,6,1,SAN FRANCISCO,1,33.3,mid_low,0.12012012012012013
30309579,172.03199999999998,5.710917608517608,3.4950815764127765,9,1,SAN FRANCISCO,2,30.4,mid_high,0.1327873327873328
30310120,3192.0640000000003,95.85777777777778,58.66496000000001,7,1,SAN FRANCISCO,2,33.3,mid_low,0.12012012012012012
30310469,2.346,0.08530909090909092,0.05220916363636364,8,1,OAKLAND,1,27.5,mid_high,0.14545454545454548
30310687,185.76,6.7549090909090905,4.134004363636364,11,1,OAKLAND,1,27.5,high,0.14545454545454545
30310936,728.536,23.213319938709446,14.206551802490182,10,1,SAN FRANCISCO,2,31.4,high,0.12745187575471603
30312147,45.269999999999996,1.6461818181818182,1.0074632727272728,8,1,SAN FRANCISCO,1,27.5,mid_high,0.14545454545454548
30313646,23.184,0.8430545454545455,0.5159493818181818,7,1,SAN FRANCISCO,1,27.5,mid_low,0.14545454545454545
30313794,97.84,3.557818181818182,2.1773847272727274,11,1,SAN FRANCISCO,1,27.5,high,0.14545454545454545
30314067,6.41,0.23309090909090907,0.14265163636363637,1,1,OAKLAND,1,27.5,low,0.14545454545454545
30314398,522.702,18.346938229197512,11.228326196268878,11,1,SAN FRANCISCO,3,28.56666666666667,high,0.14040075017273715
30315929,34.842,1.2009501924785313,0.734981517796861,9,1,SAN FRANCISCO,2,29.099999999999998,mid_high,0.13787385253183299
30316163,641.088,21.699913439874248,13.280347025203039,11,1,OAKLAND,3,29.9,high,0.1353942887084097
30317701,123.392,4.208331673422119,2.575498984134337,11,1,SAN FRANCISCO,2,29.45,high,0.1364215402431963
30322658,28.544,0.9635924100821297,0.5897185549702634,9,1,OAKLAND,2,29.8,mid_high,0.13503256867742847
30324004,197.796,6.302367804194953,3.857049096167311,6,1,SAN FRANCISCO,2,31.4,mid_low,0.12745187575471603
30324595,569.1080000000001,18.547821640031437,11.35126684369924,10,1,SAN FRANCISCO,2,31.100000000000005,high,0.1303641603353419
30327669,975.096,35.45803636363636,21.700318254545454,9,1,OAKLAND,2,27.5,mid_high,0.14545454545454548
30332031,103.684,3.230031152647975,1.9767790654205608,10,1,SAN FRANCISCO,1,32.1,high,0.12461059190031153
30333456,288.6,9.405774168194917,5.756333790935289,10,1,SAN FRANCISCO,2,31.1,high,0.13036416033534187
30334331,254.67000000000002,9.260727272727273,5.667565090909091,2,1,OAKLAND,1,27.5,low,0.14545454545454545
30335440,320.698,11.535899280575538,7.05997035971223,11,1,SAN FRANCISCO,1,27.799999999999997,high,0.14388489208633096
30335718,1749.872,54.51314641744548,33.36204560747664,8,1,SAN FRANCISCO,1,32.1,mid_high,0.12461059190031153
30336367,346.914,12.615054545454544,7.720413381818181,7,1,SAN FRANCISCO,2,27.5,mid_low,0.14545454545454548
30341916,560.352,20.376436363636365,12.470379054545454,4,1,SAN FRANCISCO,2,27.5,low,0.14545454545454548
30342040,406.064,14.765963636363637,9.036769745454546,6,2,SAN FRANCISCO,1,27.5,mid_low,0.14545454545454542
30342253,549.756,17.208275376353555,10.531464530328375,11,1,OAKLAND,2,32.0,high,0.12520663986462036
30343510,2857.708,90.01749012838066,55.09070395856896,11,1,SAN FRANCISCO,2,31.75,high,0.12599956346607932
30346995,202.96200000000002,7.380436363636364,4.5168270545454545,11,2,SAN FRANCISCO,1,27.5,high,0.14545454545454545
30347576,476.322,21.891566666666666,13.3976388,6,1,OAKLAND,2,22.75,mid_low,0.1838383838383838
30347596,4140.18,150.552,92.137824,9,1,ALAMEDA,2,27.5,mid_high,0.14545454545454545
30348330,1108.248,37.41239354290569,22.896384848258283,10,1,SAN FRANCISCO,2,29.800000000000004,high,0.13503256867742847
30348551,869.312,27.0813707165109,16.57379887850467,11,1,SAN FRANCISCO,1,32.1,high,0.12461059190031153
30348768,239.968,7.82080670683783,4.786333704584752,7,1,ALAMEDA,2,31.1,mid_low,0.1303641603353419
30350236,175.944,6.397963636363636,3.9155537454545453,3,1,OAKLAND,2,27.5,low,0.14545454545454542
30353449,116.319,4.229781818181818,2.5886264727272725,5,1,OAKLAND,1,27.5,mid_low,0.14545454545454545
30353624,1298.07,35.36975476839237,21.646289918256127,11,2,OAKLAND,1,36.7,high,0.10899182561307899
30354039,11.783999999999999,0.3538738738738739,0.21657081081081084,6,1,SAN FRANCISCO,1,33.3,mid_low,0.12012012012012015
30356798,1162.68,37.87231270358306,23.177855374592834,11,1,SAN FRANCISCO,1,30.7,high,0.1302931596091205
30357995,49.848,1.6547957411957412,1.0127349936117938,10,1,OAKLAND,2,30.4,high,0.1327873327873328
30359462,1551.1200000000001,56.40436363636364,34.519470545454546,1,1,SAN FRANCISCO,1,27.5,low,0.14545454545454545
30361877,775.582,29.26724528301887,17.911554113207547,6,2,OAKLAND,1,26.5,mid_low,0.1509433962264151
30364903,1.644,0.05978181818181818,0.03658647272727272,9,1,OAKLAND,2,27.5,mid_high,0.14545454545454545
30364933,557.808,20.283927272727272,12.41376349090909,7,1,OAKLAND,1,27.5,mid_low,0.14545454545454542
30366888,39.288,1.4286545454545454,0.8743365818181819,7,1,SAN FRANCISCO,1,27.5,mid_low,0.14545454545454545
30368056,46.973,1.6896762589928058,1.0340818705035972,5,1,SAN FRANCISCO,1,27.8,mid_low,0.14388489208633096
30368312,2134.148,69.5541030128373,42.56711104385643,6,1,SAN FRANCISCO,2,31.1,mid_low,0.13036416033534187
30368681,392.724,14.280872727272728,8.739894109090908,6,1,SAN FRANCISCO,1,27.5,mid_low,0.14545454545454545
30368919,47.480000000000004,1.4258258258258258,0.8726054054054054,9,1,SAN FRANCISCO,1,33.3,mid_high,0.12012012012012013
30371992,344.296,12.38474820143885,5.771292661870504,11,1,ALAMEDA,1,27.8,high,0.16187050359712235
30373944,767.3639999999999,27.904145454545453,17.077337018181815,5,2,SAN FRANCISCO,2,27.5,mid_low,0.14545454545454548
30374044,12078.18,428.7166694987256,262.37460173322006,9,1,OAKLAND,6,28.266666666666666,mid_high,0.14198055319550645
30374568,911.952,33.161890909090914,20.295077236363635,11,1,SAN FRANCISCO,2,27.5,high,0.14545454545454545
30375160,112.134,4.0776,2.4954912,8,1,SAN FRANCISCO,1,27.5,mid_high,0.14545454545454545
30375807,378.07800000000003,12.31524429967427,7.536929511400652,6,1,SAN FRANCISCO,1,30.7,mid_low,0.13029315960912052
30375839,156.708,5.698472727272727,3.487465309090909,8,1,SAN FRANCISCO,1,27.5,mid_high,0.14545454545454545
30377960,10.216000000000001,0.3714909090909091,0.2273524363636364,4,1,SAN FRANCISCO,1,27.5,low,0.14545454545454542
30379195,10.366,0.37694545454545453,0.23069061818181816,2,1,SAN FRANCISCO,1,27.5,low,0.14545454545454545
30379434,208.198,7.570836363636364,4.633351854545455,8,1,SAN FRANCISCO,1,27.5,mid_high,0.14545454545454542
30379826,219.132,7.968436363636364,4.876683054545454,7,1,SAN FRANCISCO,1,27.5,mid_low,0.14545454545454548
30383061,659.584,22.136915663730697,13.547792386203186,11,1,SAN FRANCISCO,2,29.95,high,0.13424774199332123
30383089,204.751,5.900605187319885,3.6111703746397694,10,1,SAN FRANCISCO,1,34.7,high,0.11527377521613834
30385609,115.648,4.205381818181818,2.5736936727272726,3,1,SAN FRANCISCO,1,27.5,low,0.14545454545454548
30385755,2368.356,86.12203636363637,52.70668625454545,10,1,SAN FRANCISCO,3,27.5,high,0.14545454545454545
30386875,78.072,2.8389818181818183,1.7374568727272728,10,1,SAN FRANCISCO,1,27.5,high,0.14545454545454545
30387888,140.332,4.2141741741741745,1.9638051651651653,9,1,SAN FRANCISCO,1,33.3,mid_high,0.13513513513513514
30388268,2722.0319999999997,98.98298181818181,60.57758487272727,10,1,SAN FRANCISCO,2,27.5,high,0.14545454545454548
30388621,457.696,17.726448641182948,10.848586568403963,11,1,OAKLAND,4,27.25,high,0.15491897365223156
30390336,218.168,7.933381818181818,4.855229672727273,11,1,OAKLAND,2,27.5,high,0.14545454545454548
30390531,7265.31,248.8545530985531,152.29898649631448,6,2,SAN FRANCISCO,3,29.433333333333334,mid_low,0.13700973700973704
30393920,24.528,0.8919272727272727,0.5458594909090909,7,1,SAN FRANCISCO,1,27.5,mid_low,0.14545454545454548
30394035,192.896,5.558962536023055,3.402085072046109,8,1,SAN FRANCISCO,1,34.7,mid_high,0.11527377521613834
30394803,1136.104,37.00664495114007,22.64806671009772,11,1,OAKLAND,1,30.7,high,0.1302931596091205
30395164,267.438,8.331401869158878,5.0988179439252335,7,1,SAN FRANCISCO,1,32.1,mid_low,0.12461059190031155
30400244,665.05,22.077553917553917,13.511462997542997,11,1,OAKLAND,2,30.4,high,0.13278733278733282
30401749,227.64,6.5602305475504314,4.014861095100864,7,1,ALAMEDA,1,34.7,mid_low,0.11527377521613832
30404220,63.246,2.157029183555298,1.3201018603358425,11,1,SAN FRANCISCO,2,29.450000000000003,high,0.13642154024319628
30405096,996.808,36.24756363636364,19.5374368,11,1,OAKLAND,2,27.5,high,0.15454545454545454
30405364,1503.904,54.09726618705036,33.10752690647482,8,1,DALY CITY,2,27.8,mid_high,0.14388489208633093
30406658,215.52800000000002,7.837381818181818,4.796477672727272,11,1,OAKLAND,1,27.5,high,0.14545454545454545
30407199,483.564,17.584145454545457,10.761497018181819,8,1,SAN FRANCISCO,1,27.5,mid_high,0.14545454545454545
30407293,69.592,2.266840390879479,1.387306319218241,11,1,SAN FRANCISCO,1,30.7,high,0.13029315960912055
30410033,11.83,0.43018181818181817,0.2632712727272727,9,1,SAN FRANCISCO,1,27.5,mid_high,0.14545454545454542
30412050,651.195,23.67981818181818,14.492048727272726,4,1,OAKLAND,1,27.5,low,0.14545454545454542
30412809,126.956,4.616581818181818,2.8253480727272726,6,1,SAN FRANCISCO,1,27.5,mid_low,0.1454545454545454
30413450,18.066,0.399822659022659,0.2446914673218673,11,1,SAN FRANCISCO,3,30.73333333333333,high,0.08852488852488853
30413721,26.96,0.8574842704978944,0.5247803735447114,10,1,SAN FRANCISCO,2,32.1,high,0.12722318553381223
30415083,1934.952,70.36189090909092,43.061477236363636,9,1,ALAMEDA,2,27.5,mid_high,0.14545454545454545
30416542,174.18,5.673615635179153,3.472252768729642,7,1,SAN FRANCISCO,1,30.7,mid_low,0.13029315960912052
30416806,177.08200000000002,5.5165732087227415,3.3761428037383174,10,1,OAKLAND,1,32.1,high,0.12461059190031153
30420463,178.352,5.68,3.4761599999999997,10,1,OAKLAND,1,31.4,high,0.12738853503184713
30420990,239.832,7.202162162162162,4.407723243243243,8,1,SAN FRANCISCO,1,33.3,mid_high,0.12012012012012012
30421801,34.032000000000004,1.2375272727272728,0.7573666909090909,7,1,OAKLAND,1,27.5,mid_low,0.14545454545454542
30423058,50.519999999999996,1.5171171171171172,0.9284756756756757,5,1,OAKLAND,1,33.3,mid_low,0.12012012012012015
30423667,135.29999999999998,4.063063063063064,2.4865945945945946,8,1,OAKLAND,1,33.3,mid_high,0.12012012012012016
30424760,475.61600000000004,17.295127272727274,10.584617890909092,2,2,SAN FRANCISCO,1,27.5,low,0.14545454545454542
30425542,463.00800000000004,15.630289889549703,9.565737412404419,9,1,OAKLAND,2,29.8,mid_high,0.13503256867742847
30425703,30.508000000000003,1.1093818181818182,0.6789416727272728,7,1,OAKLAND,1,27.5,mid_low,0.14545454545454545
30426064,779.2,24.544714963192256,15.02136555747366,6,1,SAN FRANCISCO,2,31.75,mid_low,0.12599956346607932
30426398,322.395,10.043457943925233,6.146596261682243,9,1,SAN FRANCISCO,1,32.1,mid_high,0.12461059190031155
30426450,28.876,1.0500363636363637,0.6426222545454545,8,1,OAKLAND,1,27.5,mid_high,0.14545454545454545
30426512,212.772,7.737163636363636,4.735144145454545,11,1,ALAMEDA,1,27.5,high,0.14545454545454545
30428584,1481.244,49.17260999180999,30.093637314987717,11,1,SAN FRANCISCO,2,30.4,high,0.1327873327873328
30429953,18.468,0.6715636363636364,0.41099694545454546,8,1,OAKLAND,1,27.5,mid_high,0.14545454545454542
30430671,455.976,16.580945454545454,10.147538618181818,9,1,OAKLAND,2,27.5,mid_high,0.14545454545454545
30430893,1252.864,45.31287063440157,27.73147682825376,7,1,ALAMEDA,2,27.650000000000002,mid_low,0.1446697187704382
30433680,32.536,1.1831272727272726,0.7240738909090909,8,1,SAN FRANCISCO,1,27.5,mid_high,0.14545454545454542
30434515,38.686,1.3915827338129496,0.8516486330935251,9,1,SAN FRANCISCO,1,27.8,mid_high,0.14388489208633093
30434817,129.832,4.721163636363636,2.889352145454546,11,1,SAN FRANCISCO,1,27.5,high,0.14545454545454545
30435074,1104.4479999999999,40.16174545454545,24.578988218181816,5,1,SAN FRANCISCO,2,27.5,mid_low,0.14545454545454548
30435189,367.688,13.370472727272727,8.18272930909091,10,1,SAN FRANCISCO,2,27.5,high,0.14545454545454545
30436649,792.52,25.82905108724129,15.807379265391667,8,1,SAN FRANCISCO,2,31.100000000000005,mid_high,0.1303641603353419
30436980,585.975,21.30818181818182,13.040607272727271,6,1,SAN FRANCISCO,1,27.5,mid_low,0.14545454545454542
30437554,29.96,0.8163487738419618,0.4996054495912806,10,1,ALAMEDA,1,36.7,high,0.108991825613079
30438048,36.936,1.1763057324840764,0.7198991082802548,10,1,SAN FRANCISCO,1,31.4,high,0.12738853503184713
30440141,208.54,6.796535499083049,4.1594797254388265,11,1,SAN FRANCISCO,2,31.1,high,0.1303641603353419
30441129,26.44,0.8236760124610591,0.5040897196261682,11,1,OAKLAND,1,32.1,high,0.12461059190031153
30441996,11.576,0.3770684039087948,0.2307658631921824,8,1,SAN FRANCISCO,1,30.7,mid_high,0.13029315960912052
30442072,18.41,0.6694545454545454,0.4097061818181818,10,1,SAN FRANCISCO,1,27.5,high,0.14545454545454545
30442305,4747.932,155.48021291517344,95.15389030408613,11,1,OAKLAND,3,30.73333333333333,high,0.13098773353550422
30442480,59.722,2.171709090909091,1.3290859636363637,8,1,DALY CITY,1,27.5,mid_high,0.14545454545454545
30443626,1503.5520000000001,27.33730909090909,16.730433163636363,11,1,SAN FRANCISCO,2,29.45,high,0.07272727272727271
30444893,173.084,5.745840677040677,3.5164544943488947,11,1,SAN FRANCISCO,2,30.399999999999995,high,0.1327873327873328
30444991,34.246,1.1155048859934853,0.6826889902280131,9,1,OAKLAND,1,30.7,mid_high,0.1302931596091205
30447791,619.776,11.268654545454545,6.8964165818181815,10,1,ALAMEDA,2,30.4,high,0.07272727272727274
30449314,210.798,6.566915887850467,4.018952523364486,8,1,SAN FRANCISCO,1,32.1,mid_high,0.12461059190031153
30450882,1036.224,37.68087272727273,23.060694109090907,10,1,SAN FRANCISCO,1,27.5,high,0.14545454545454545
30452008,2991.024,108.76450909090909,66.56387956363636,11,1,OAKLAND,1,27.5,high,0.14545454545454545
30452165,472.51800000000003,15.68610122850123,9.599893951842752,8,1,SAN FRANCISCO,2,30.399999999999995,mid_high,0.1327873327873328
30453044,824.778,25.694018691588784,15.724739439252335,11,1,SAN FRANCISCO,1,32.1,high,0.12461059190031153
30453836,614.184,20.950275696445726,12.821568726224783,11,1,OAKLAND,3,30.033333333333335,high,0.13644299230488402
30454663,249.928,9.088290909090908,5.562034036363636,9,1,OAKLAND,2,27.5,mid_high,0.14545454545454545
30455787,103.88,3.777454545454545,2.3118021818181815,7,1,SAN FRANCISCO,1,27.5,mid_low,0.14545454545454545
30457003,370.746,11.8071974522293,7.226004840764332,3,1,SAN FRANCISCO,1,31.399999999999995,low,0.12738853503184713
30457370,43.988,1.4328338762214983,0.876894332247557,10,1,OAKLAND,1,30.7,high,0.13029315960912052
30457532,49.995999999999995,1.5013813813813814,0.9188454054054054,5,1,SAN FRANCISCO,1,33.3,mid_low,0.12012012012012016
30458459,142.938,4.9494627017841974,3.0290711734919284,10,1,SAN FRANCISCO,3,29.033333333333335,high,0.1385065609364675
30459266,210.2,7.643636363636364,4.677905454545455,11,1,OAKLAND,2,27.5,high,0.14545454545454548
30460376,58.876,2.1409454545454545,1.310258618181818,8,1,SAN FRANCISCO,1,27.5,mid_high,0.14545454545454545
30461131,4332.396,149.33103180337577,91.39059146366597,11,1,SAN FRANCISCO,2,29.099999999999998,high,0.13787385253183299
30464679,59.56,1.896815286624204,1.1608509554140127,9,1,SAN FRANCISCO,1,31.4,mid_high,0.1273885350318471
30464686,192.464,5.546512968299711,3.394465936599423,10,1,SAN FRANCISCO,1,34.7,high,0.1152737752161383
30465655,143.48999999999998,4.569745222929937,2.796684076433121,7,1,SAN FRANCISCO,1,31.4,mid_low,0.12738853503184713
30465707,14.034,0.5103272727272727,0.3123202909090909,5,1,SAN FRANCISCO,1,27.5,mid_low,0.14545454545454542
30468080,149.16,4.858631921824104,2.9734827361563516,11,1,SAN FRANCISCO,1,30.7,high,0.13029315960912052
30468429,792.804,23.807927927927928,14.570451891891892,9,1,SAN FRANCISCO,1,33.3,mid_high,0.12012012012012012
30471066,38.004,1.3819636363636363,0.8457617454545454,11,1,OAKLAND,1,27.5,high,0.14545454545454545
30471078,420.93,15.306545454545454,9.367605818181818,6,1,SAN FRANCISCO,1,27.5,mid_low,0.14545454545454542
30471732,809.9960000000001,29.454400000000003,18.0260928,10,1,SAN FRANCISCO,1,27.5,high,0.14545454545454548
30472959,1049.216,35.783915691951364,21.899756403474235,10,1,ALAMEDA,2,29.45,high,0.13642154024319633
30473108,39.228,1.3022453726453727,0.7969741680589681,10,1,SAN FRANCISCO,2,30.4,high,0.13278733278733282
30473435,66.402,2.4146181818181818,1.4777463272727274,7,1,OAKLAND,1,27.5,mid_low,0.14545454545454548
30473443,2502.36,77.4194697882596,47.38071551041487,6,1,SAN FRANCISCO,2,32.349999999999994,mid_low,0.12375432757598363
30473696,6.372,0.2317090909090909,0.1418059636363636,8,1,OAKLAND,1,27.5,mid_high,0.14545454545454548
30476744,95.17699999999999,2.8581681681681683,1.7491989189189192,9,1,SAN FRANCISCO,1,33.3,mid_high,0.12012012012012013
30480671,291.768,9.291974522292994,5.686688407643312,9,1,SAN FRANCISCO,2,31.4,mid_high,0.12738853503184716
30481441,448.378,16.304654545454547,9.978448581818181,9,1,SAN FRANCISCO,1,27.5,mid_high,0.14545454545454545
30482711,93.748,3.409018181818182,2.086319127272727,3,1,SAN FRANCISCO,1,27.5,low,0.14545454545454545
30483286,57.96,1.9240884520884523,1.1775421326781328,10,1,SAN FRANCISCO,2,30.4,high,0.13278733278733276
30483498,13.688,0.4977454545454546,0.30462021818181817,6,1,SAN FRANCISCO,1,27.5,mid_low,0.14545454545454542
30484747,1338.4560000000001,54.73367151512435,33.4970069672561,10,1,SAN FRANCISCO,3,25.96666666666667,high,0.1635725687362882
30487153,39.494,1.4361454545454544,0.8789210181818181,7,1,OAKLAND,1,27.5,mid_low,0.14545454545454548
30487586,362.60999999999996,9.880381471389645,6.046793460490463,10,1,OAKLAND,1,36.7,high,0.10899182561307903
30489352,3.5949999999999998,0.13072727272727272,0.08000509090909091,7,1,SAN FRANCISCO,1,27.5,mid_low,0.14545454545454545
30489844,1093.845,35.63013029315961,21.80563973941368,11,1,SAN FRANCISCO,1,30.7,high,0.13029315960912052
30491629,1584.324,54.266953644553645,33.21137563046683,11,1,SAN FRANCISCO,3,29.43333333333333,high,0.137009737009737
30493479,175.392,5.588509848092789,3.4201680270327866,11,1,SAN FRANCISCO,2,31.4,high,0.12745187575471606
30493582,80.82000000000001,2.938909090909091,1.7986123636363636,6,1,OAKLAND,1,27.5,mid_low,0.14545454545454545
30493780,586.2,19.094462540716613,11.685811074918567,11,1,ALAMEDA,1,30.700000000000003,high,0.13029315960912052
30496172,171.76,6.245818181818182,3.822440727272727,7,1,SAN FRANCISCO,2,27.5,mid_low,0.14545454545454545
30498075,339.378,12.341018181818182,7.552703127272727,11,1,SAN FRANCISCO,1,27.5,high,0.14545454545454548
30500123,316.288,11.501381818181818,7.038845672727272,4,1,SAN FRANCISCO,1,27.5,low,0.14545454545454545
30501284,63.708,2.1506637213254036,1.316206197451147,7,1,SAN FRANCISCO,2,29.8,mid_low,0.1350325686774285
30501773,142.064,4.716074911274911,2.8862378457002458,8,1,SAN FRANCISCO,2,30.4,mid_high,0.13278733278733276
30502265,140.268,5.100654545454545,3.1216005818181816,11,1,SAN FRANCISCO,3,27.5,high,0.14545454545454542
30502883,754.908,27.4512,16.8001344,10,1,SAN FRANCISCO,1,27.5,high,0.14545454545454542
30503727,2170.14,73.25989464740866,44.8350555242141,6,1,SAN FRANCISCO,2,29.8,mid_low,0.1350325686774285
30508067,507.048,18.43810909090909,11.284122763636363,9,1,OAKLAND,2,27.5,mid_high,0.14545454545454542
30509967,344.97,11.971240891832913,7.326399425801743,10,1,SAN FRANCISCO,5,28.92,high,0.13880906620092076
30510261,333.048,12.110836363636363,7.411831854545454,10,1,SAN FRANCISCO,2,27.5,high,0.14545454545454545
30513008,1631.88,56.50652166525064,34.58199125913339,6,1,SAN FRANCISCO,3,29.03333333333333,mid_low,0.13850656093646746
30514133,102.116,3.326254071661238,2.0356674918566773,7,1,SAN FRANCISCO,1,30.7,mid_low,0.13029315960912052
30514134,453.732,16.499345454545455,10.097599418181819,11,1,SAN FRANCISCO,1,27.5,high,0.14545454545454545
30515602,108.464,3.9441454545454544,2.413817018181818,5,1,SAN FRANCISCO,1,27.5,mid_low,0.14545454545454545
30516146,77.244,2.6344363636363637,1.6122750545454547,10,1,OAKLAND,2,29.45,high,0.1364215402431963
30518265,517.54,16.86716688498821,10.322706133612785,6,1,OAKLAND,2,31.1,mid_low,0.13036416033534187
30520560,85.17800000000001,2.557897897897898,1.5654335135135136,10,1,OAKLAND,1,33.3,high,0.12012012012012012
30521068,41.348,1.5035636363636364,0.9201809454545454,11,1,OAKLAND,2,27.5,high,0.14545454545454545
30521201,163.104,5.931054545454546,3.629805381818182,8,1,ALAMEDA,1,27.5,mid_high,0.14545454545454545
30524101,386.70399999999995,12.046853582554515,7.372674392523364,11,1,OAKLAND,1,32.1,high,0.12461059190031155
30524727,11.99,0.43129496402877693,0.2639525179856115,9,1,SAN FRANCISCO,1,27.8,mid_high,0.1438848920863309
30526121,134.172,4.878981818181818,2.985936872727273,8,1,DALY CITY,1,27.5,mid_high,0.14545454545454542
30528912,1503.632,49.0049307833377,29.99101763940267,11,1,DALY CITY,2,31.100000000000005,high,0.13036416033534187
30529575,22.33,0.812,0.496944,10,1,SAN FRANCISCO,1,27.5,high,0.14545454545454545
30530042,2.158,0.07029315960912053,0.04301941368078176,9,1,OAKLAND,1,30.7,mid_high,0.13029315960912052
30532684,25.89,0.8065420560747664,0.49360373831775695,10,1,OAKLAND,1,32.1,high,0.12461059190031153
30536649,466.165,16.951454545454546,10.374290181818182,5,1,OAKLAND,1,27.5,mid_low,0.14545454545454545
30536904,21.609,0.6881847133757962,0.4211690445859873,7,1,SAN FRANCISCO,1,31.4,mid_low,0.1273885350318471
30537123,607.1999999999999,19.789279538904896,12.111039077809798,8,1,SAN FRANCISCO,2,31.1,mid_high,0.1303641603353419
30537285,1217.3600000000001,44.26763636363636,27.091793454545453,9,1,SAN FRANCISCO,2,27.5,mid_high,0.14545454545454545
30537688,77.92,2.8181661216481357,1.7247176664486592,11,1,OAKLAND,2,27.65,high,0.1446697187704382
30538014,230.83599999999998,7.191152647975078,4.4009854205607475,9,1,OAKLAND,1,32.1,mid_high,0.12461059190031151
30538097,1954.134,65.17551731325999,39.88741659571511,11,1,OAKLAND,3,30.099999999999998,high,0.13341053850607987
30539240,282.438,10.270472727272727,6.28552930909091,4,1,SAN FRANCISCO,1,27.5,low,0.14545454545454545
30541058,315.63,11.477454545454545,7.024202181818182,5,2,OAKLAND,1,27.5,mid_low,0.14545454545454545
30542228,1350.708,49.116654545454544,30.059392581818184,11,1,OAKLAND,1,27.5,high,0.14545454545454542
30544746,133.782,3.3367538461538464,2.042093353846154,11,1,SAN FRANCISCO,3,28.933333333333334,high,0.09976689976689977
30547218,409.87199999999996,14.904436363636364,9.121515054545455,5,1,OAKLAND,2,27.5,mid_low,0.14545454545454548
30547282,55.385999999999996,2.0140363636363636,1.2325902545454546,11,1,SAN FRANCISCO,1,27.5,high,0.14545454545454548
30547595,526.58,17.673043994710774,10.815902924762993,8,1,DALY CITY,2,29.95,mid_high,0.13424774199332123
30549075,514.42,18.70618181818182,11.448183272727272,8,1,SAN FRANCISCO,1,27.5,mid_high,0.14545454545454548
30551594,41.628,1.497410071942446,0.9164149640287769,6,1,ALAMEDA,1,27.8,mid_low,0.14388489208633093
30553389,797.4780000000001,27.331370538748157,16.726798769713874,2,1,SAN FRANCISCO,2,29.25,low,0.1370890258477257
30555073,53.835,1.9576363636363636,1.1980734545454546,5,1,OAKLAND,1,27.5,mid_low,0.14545454545454545
30555884,164.94400000000002,5.997963636363636,3.670753745454545,4,1,ALAMEDA,2,27.5,low,0.14545454545454542
40000855,6369.876,215.03517960917586,131.60152992081564,10,1,SAN FRANCISCO,2,29.8,high,0.13503256867742847
40002397,217.548,7.419558309206717,4.540769685234511,10,1,OAKLAND,2,29.45,high,0.1364215402431963
40003484,132.1,4.751798561151079,2.90810071942446,11,1,OAKLAND,1,27.8,high,0.14388489208633096
40008422,9.552,0.36045283018867924,0.22059713207547169,4,1,DALY CITY,1,26.5,low,0.1509433962264151
40008624,803.36,29.21309090909091,17.878411636363637,6,1,SAN FRANCISCO,1,27.5,mid_low,0.14545454545454545
40009061,1599.6960000000001,54.55824806022004,33.38964781285466,9,1,ALAMEDA,2,29.45,mid_high,0.13642154024319628
40013444,539.04,19.601454545454544,11.99609018181818,11,1,SAN FRANCISCO,1,27.5,high,0.14545454545454548
40015408,31.4,1.022801302931596,0.6259543973941368,6,1,OAKLAND,1,30.7,mid_low,0.13029315960912052
40016005,648.5939999999999,23.585236363636362,14.434164654545455,8,1,DALY CITY,1,27.5,mid_high,0.14545454545454545
40016963,501.594,16.932881563296515,10.362923516737467,9,1,OAKLAND,2,29.8,mid_high,0.1350325686774285
40017077,332.794,12.101600000000001,7.4061792,7,1,SAN FRANCISCO,1,27.5,mid_low,0.14545454545454545
40018002,406.378,14.777381818181818,9.043757672727272,11,1,OAKLAND,1,27.5,high,0.14545454545454545
40018307,73.08000000000001,2.6574545454545455,1.6263621818181817,9,1,SAN FRANCISCO,1,27.5,mid_high,0.14545454545454542
40019293,80.736,2.775641907935533,1.698692847656546,9,1,SAN FRANCISCO,4,29.375,mid_high,0.13751693955289004
40019746,72.298,2.0835158501440922,1.2751117002881842,11,1,SAN FRANCISCO,1,34.7,high,0.11527377521613832
40022772,23.642,0.8597090909090909,0.5261419636363637,5,1,SAN FRANCISCO,1,27.5,mid_low,0.14545454545454542
40022942,239.625,8.410882440035534,5.147460053301748,10,1,SAN FRANCISCO,3,28.566666666666666,high,0.14040075017273712
40029793,677.7199999999999,18.466485013623974,11.301488828337872,7,2,OAKLAND,1,36.7,mid_low,0.108991825613079
40030269,874.557,26.917501894417782,16.47351115938368,10,1,SAN FRANCISCO,3,32.5,high,0.12311376797358105
40031244,920.72,33.48072727272727,20.49020509090909,10,1,SAN FRANCISCO,2,27.5,high,0.14545454545454545
40032112,9.824,0.33163998867176436,0.2029636730671198,6,1,ALAMEDA,2,29.8,mid_low,0.1350325686774285
40034852,4.47,0.16254545454545455,0.09947781818181817,5,1,OAKLAND,1,27.5,mid_low,0.14545454545454545
40037044,513.372,18.668072727272726,11.424860509090909,10,1,SAN FRANCISCO,2,27.5,high,0.14545454545454542
40037280,627.246,22.68587560497057,13.883755870241988,10,1,SAN FRANCISCO,2,27.65,high,0.1446697187704382
40039264,103.688,3.3774592833876222,2.0670050814332246,11,1,SAN FRANCISCO,1,30.7,high,0.13029315960912052
40041697,26.23,0.8543973941368078,0.5228912052117264,11,1,SAN FRANCISCO,1,30.7,high,0.1302931596091205
40045843,29.672,1.0789818181818183,0.6603368727272728,3,1,ALAMEDA,1,27.5,low,0.14545454545454542
40047116,83.057,3.0202545454545455,1.8483957818181818,9,1,OAKLAND,1,27.5,mid_high,0.14545454545454548
40047386,5.803,0.21101818181818183,0.12914312727272728,7,1,SAN FRANCISCO,1,27.5,mid_low,0.14545454545454545
40052926,20.343,0.6337383177570094,0.38784785046728976,6,1,OAKLAND,1,32.1,mid_low,0.12461059190031154
40057722,191.096,5.953146417445483,3.643325607476635,10,1,SAN FRANCISCO,1,32.1,high,0.12461059190031153
40060727,299.736,10.266687633087633,6.283212831449632,7,1,SAN FRANCISCO,3,29.43333333333333,mid_low,0.13700973700973695
40061466,141.776,4.83532507237985,2.959218944296468,5,1,SAN FRANCISCO,2,29.45,mid_low,0.1364215402431963
40062462,143.766,5.227854545454545,3.199446981818182,6,1,SAN FRANCISCO,2,27.5,mid_low,0.14545454545454545
40072138,641.928,20.453731924868336,12.517683938019422,9,1,SAN FRANCISCO,2,31.400000000000002,mid_high,0.12745187575471603
40073462,171.4,6.2327272727272724,3.814429090909091,11,1,SAN FRANCISCO,1,27.5,high,0.14545454545454545
40073804,46.164,1.4701910828025477,0.8997569426751593,3,1,OAKLAND,1,31.4,low,0.12738853503184713
40073859,535.968,17.46775457165313,10.690265797851715,6,1,OAKLAND,2,31.100000000000005,mid_low,0.13036416033534187
40076581,534.2280000000001,18.41401812259402,11.26937909102754,10,1,OAKLAND,2,29.099999999999998,high,0.13787385253183296
40076652,595.266,20.503490037030506,12.548135902662668,8,2,SAN FRANCISCO,2,29.300000000000004,mid_high,0.13777699406336333
40077112,359.45599999999996,13.071127272727272,7.99952989090909,10,1,OAKLAND,2,27.5,high,0.14545454545454545
40077116,1777.248,56.60025477707007,34.63935592356688,9,1,SAN FRANCISCO,1,31.4,mid_high,0.12738853503184713
40077313,25.740000000000002,0.936,0.572832,4,1,SAN FRANCISCO,1,27.5,low,0.14545454545454545
40077713,63.0,1.891891891891892,1.157837837837838,11,1,SAN FRANCISCO,1,33.3,high,0.12012012012012013
40080575,127.212,4.239349616051523,2.5944819650235322,11,1,OAKLAND,3,30.566666666666666,high,0.13330030550738997
40083169,90.36800000000001,2.9999314223314224,1.8359580304668306,10,1,SAN FRANCISCO,2,30.4,high,0.1327873327873328
40083998,44.867999999999995,1.6315636363636363,0.9985169454545454,4,1,OAKLAND,1,27.5,low,0.14545454545454545
40084177,1433.952,44.13480845331313,27.010502773427632,11,1,ALAMEDA,3,32.5,high,0.12311376797358106
40085887,1586.655,51.95808558819387,31.798348379974648,8,1,ALAMEDA,3,30.733333333333334,mid_high,0.13098773353550425
40087604,172.91400000000002,6.219928057553957,3.8065959712230217,11,1,OAKLAND,1,27.8,high,0.14388489208633093
40089083,12.078,0.43920000000000003,0.2687904,6,1,DALY CITY,1,27.5,mid_low,0.14545454545454545
40090085,4.9239999999999995,0.16039087947882735,0.09815921824104235,6,1,OAKLAND,1,30.7,mid_low,0.13029315960912052
40091700,192.288,6.992290909090909,4.279282036363636,10,1,SAN FRANCISCO,1,27.5,high,0.14545454545454545
40096822,26.126,0.8320382165605096,0.5092073885350319,6,1,OAKLAND,1,31.399999999999995,mid_low,0.12738853503184713
40099023,243.126,8.840945454545455,5.410658618181818,10,1,SAN FRANCISCO,2,27.5,high,0.14545454545454542
40103260,251.334,6.8483378746594,4.1911827792915535,9,1,OAKLAND,1,36.7,mid_high,0.10899182561307899
40103780,211.04000000000002,7.124318323421127,4.3600828139337295,10,1,SAN FRANCISCO,2,29.8,high,0.13503256867742847
40105361,16.256,0.5911272727272727,0.36176989090909095,5,1,SAN FRANCISCO,1,27.5,mid_low,0.14545454545454545
40107974,638.16,20.798298139900446,12.728558461619071,8,1,OAKLAND,2,31.100000000000005,mid_high,0.1303641603353419
40109668,25.7,0.9345454545454545,0.5719418181818181,11,1,SAN FRANCISCO,1,27.5,high,0.14545454545454545
40111309,2863.2000000000003,97.65053850607991,59.762129565720905,11,1,OAKLAND,2,29.45,high,0.13642154024319628
40111830,57.803999999999995,1.6554483638952302,1.013134398703881,11,1,ALAMEDA,2,35.0,high,0.11455597286659955
40112339,1583.52,57.58254545454545,35.240517818181814,6,1,OAKLAND,3,27.5,mid_low,0.14545454545454545
40112377,89.032,3.237527272727273,1.9813666909090908,11,1,SAN FRANCISCO,1,27.5,high,0.14545454545454548
40114130,0.916,0.03330909090909091,0.02038516363636364,6,2,SAN FRANCISCO,2,27.5,mid_low,0.14545454545454545
40116993,2654.304,83.84436775280369,51.312753064715864,11,1,SAN FRANCISCO,3,32.1,high,0.12635232098931198
40117415,1.409,0.051236363636363635,0.03135665454545455,3,1,SAN FRANCISCO,1,27.5,low,0.14545454545454545
40121684,90.56800000000001,3.1217397690257624,1.9105047386437666,11,1,SAN FRANCISCO,2,29.1,high,0.13787385253183296
40124166,114.843,4.176109090909091,2.5557787636363636,7,1,SAN FRANCISCO,1,27.5,mid_low,0.14545454545454545
40124570,5036.808,160.407898089172,98.16963363057326,10,1,SAN FRANCISCO,3,31.399999999999995,high,0.12738853503184713
40125891,9.104,0.3310545454545455,0.20260538181818183,9,1,SAN FRANCISCO,1,27.5,mid_high,0.14545454545454545
40129780,208.56799999999998,6.010605187319884,3.678490374639769,8,1,OAKLAND,1,34.7,mid_high,0.11527377521613832
40129868,378.48199999999997,11.365825825825826,6.955885405405406,8,1,SAN FRANCISCO,1,33.3,mid_high,0.12012012012012013
40133608,442.584,16.093963636363636,9.849505745454545,11,1,SAN FRANCISCO,1,27.5,high,0.14545454545454545
40134061,28.971,1.0534909090909093,0.6447364363636363,6,1,SAN FRANCISCO,1,27.5,mid_low,0.14545454545454545
40142220,68.696,2.2376547231270356,1.3694446905537458,7,1,ALAMEDA,1,30.7,mid_low,0.13029315960912052
40144860,212.502,7.727345454545454,4.729135418181818,4,1,SAN FRANCISCO,1,27.5,low,0.14545454545454542
40145263,1582.632,57.55025454545455,35.220755781818184,3,1,SAN FRANCISCO,3,27.5,low,0.14545454545454545
40145939,269.988,8.794397394136809,5.382171205211726,8,1,DALY CITY,1,30.7,mid_high,0.1302931596091205
40147906,743.346,25.09397994902294,15.357515728802039,8,1,SAN FRANCISCO,2,29.800000000000004,mid_high,0.13503256867742852
40149386,447.928,15.276756919513607,9.349375234742327,6,1,SAN FRANCISCO,2,29.45,mid_low,0.1364215402431963
40150605,261.072,9.493527272727272,5.810038690909091,11,1,SAN FRANCISCO,2,27.5,high,0.14545454545454548
40150849,52.715999999999994,1.6788535031847132,1.0274583439490446,8,1,SAN FRANCISCO,1,31.399999999999995,mid_high,0.12738853503184716
40151510,1038.352,37.75825454545455,23.108051781818183,10,1,OAKLAND,1,27.5,high,0.14545454545454545
40157082,51.581,1.642707006369427,1.0053366878980892,11,1,SAN FRANCISCO,1,31.4,high,0.12738853503184713
40158295,466.78200000000004,16.97389090909091,10.388021236363638,10,1,SAN FRANCISCO,1,27.5,high,0.14545454545454545
40158467,66.192,2.1908711269804795,1.3408131297120534,11,1,SAN FRANCISCO,4,30.474999999999998,high,0.13239491944527917
40159065,2013.795,72.4386690647482,44.332465467625894,6,1,SAN FRANCISCO,1,27.8,mid_low,0.14388489208633096
40159730,133.644,4.859781818181818,2.974186472727273,10,1,SAN FRANCISCO,1,27.5,high,0.14545454545454545
40160668,912.162,33.16952727272728,20.299750690909093,6,1,OAKLAND,2,27.5,mid_low,0.14545454545454542
40161500,263.664,7.184305177111716,4.39679476839237,10,1,OAKLAND,2,36.7,high,0.108991825613079
40164504,767.8,25.919501557632397,15.862734953271026,5,1,SAN FRANCISCO,2,29.8,mid_low,0.13503256867742852
40166419,873.8399999999999,31.776,19.446911999999998,8,1,SAN FRANCISCO,2,27.5,mid_high,0.14545454545454545
40166427,64.556,2.347490909090909,1.4366644363636363,9,1,SAN FRANCISCO,1,27.5,mid_high,0.14545454545454545
40175416,452.544,16.456145454545453,10.071161018181819,8,1,SAN FRANCISCO,3,27.5,mid_high,0.14545454545454545
40176828,74.624,2.7136,1.6607232,8,1,SAN FRANCISCO,1,27.5,mid_high,0.14545454545454548
40177257,41.879999999999995,1.5229090909090908,0.9320203636363635,10,1,SAN FRANCISCO,2,27.5,high,0.14545454545454545
40178409,1256.964,45.70778181818182,27.973162472727275,11,1,SAN FRANCISCO,3,27.5,high,0.14545454545454545
40179886,318.112,11.567709090909092,7.079437963636365,3,1,OAKLAND,1,27.5,low,0.14545454545454545
40180415,331.278,12.046472727272727,7.3724413090909096,11,1,SAN FRANCISCO,1,27.5,high,0.14545454545454542
40181080,240.063,8.729563636363636,5.342492945454546,6,1,SAN FRANCISCO,1,27.5,mid_low,0.14545454545454545
40183597,3.72,0.11171171171171172,0.06836756756756757,8,1,SAN FRANCISCO,1,33.3,mid_high,0.12012012012012015
40184570,35.736,1.206380968564146,0.7383051527612573,5,1,OAKLAND,2,29.799999999999997,mid_low,0.1350325686774285
40190762,135.138,4.30375796178344,2.633899872611465,3,1,SAN FRANCISCO,1,31.4,low,0.12738853503184713
40193091,252.20000000000002,8.601378112333526,5.264043404748118,7,1,SAN FRANCISCO,2,29.45,mid_low,0.1364215402431963
40194823,108.104,3.931054545454545,2.4058053818181815,9,1,OAKLAND,2,27.5,mid_high,0.14545454545454545
40197784,4989.42,165.2552751733058,101.13622840606314,11,1,SAN FRANCISCO,3,30.333333333333332,high,0.1324845574622347
40198721,97.888,3.028515904439472,1.8534517335169567,9,1,SAN FRANCISCO,2,32.349999999999994,mid_high,0.12375432757598362
40203415,736.425,25.499923534409515,15.605953203058624,11,1,SAN FRANCISCO,3,29.033333333333335,high,0.1385065609364675
40205236,1284.048,46.692654545454545,28.575904581818182,8,1,ALAMEDA,3,27.5,mid_high,0.14545454545454545
40205807,10.321000000000002,0.3753090909090909,0.22968916363636366,4,1,SAN FRANCISCO,1,27.5,low,0.14545454545454545
40207346,29.691,1.0796727272727273,0.6607597090909091,6,1,SAN FRANCISCO,1,27.5,mid_low,0.14545454545454545
40207740,124.30199999999999,4.520072727272727,2.7662845090909087,9,1,OAKLAND,2,27.5,mid_high,0.14545454545454548
40208396,263.88,8.595439739413681,5.260409120521173,6,1,SAN FRANCISCO,1,30.7,mid_low,0.13029315960912052
40208507,902.4,29.95682227682228,18.333575233415235,7,1,SAN FRANCISCO,2,30.399999999999995,mid_low,0.1327873327873328
40208984,116.628,4.241018181818182,2.595503127272727,11,1,SAN FRANCISCO,2,27.5,high,0.14545454545454545
40209121,544.152,19.787345454545456,12.109855418181818,11,1,OAKLAND,3,27.5,high,0.1454545454545454
40209546,1000.728,34.13021378112334,20.88769083404748,3,1,OAKLAND,2,29.45,low,0.13642154024319625
40211159,1038.45,34.473251433251434,21.097629877149878,8,1,OAKLAND,2,30.4,mid_high,0.13278733278733282
40212701,154.82,5.280195715112913,3.2314797776491027,8,1,ALAMEDA,2,29.45,mid_high,0.13642154024319628
40213946,73.596,2.676218181818182,1.6378455272727273,10,1,SAN FRANCISCO,2,27.5,high,0.14545454545454548
40215176,607.44,20.71697510133179,12.678788762015056,10,1,SAN FRANCISCO,2,29.45,high,0.1364215402431963
40215394,106.81800000000001,3.4406304072698606,2.105665809249155,10,1,SAN FRANCISCO,2,31.049999999999997,high,0.12884084732048381
40215574,221.38,8.050181818181818,4.926711272727273,9,1,SAN FRANCISCO,1,27.5,mid_high,0.14545454545454545
40216373,1341.192,45.39743421535237,27.78322973979565,7,1,OAKLAND,3,29.900000000000002,mid_low,0.13539428870840975
40216658,209.772,6.2994594594594595,3.855269189189189,9,1,OAKLAND,1,33.3,mid_high,0.12012012012012013
40218037,53.344,1.9397818181818183,1.1871464727272727,10,1,ALAMEDA,2,27.5,high,0.14545454545454545
40219339,269.16,8.401526397341112,5.1417341551727604,11,1,OAKLAND,3,32.5,high,0.12485549706258152
40220548,13.221,0.4807636363636364,0.29422734545454543,11,1,SAN FRANCISCO,1,27.5,high,0.14545454545454542
40221131,865.5360000000001,31.474036363636362,19.262110254545455,11,1,SAN FRANCISCO,1,27.5,high,0.14545454545454545
40221700,1520.07,52.39447675451584,32.06541977376369,5,1,OAKLAND,2,29.099999999999998,mid_low,0.13787385253183299
40224148,424.68399999999997,14.63820479715724,8.95858133586023,7,1,OAKLAND,2,29.099999999999998,mid_low,0.13787385253183299
40226830,768.996,25.182260784467154,15.411543600093898,8,1,SAN FRANCISCO,3,30.73333333333333,mid_high,0.13098773353550425
40227976,283.524,8.832523364485981,5.40550429906542,5,1,OAKLAND,1,32.1,mid_low,0.12461059190031153
40228109,94.568,3.438836363636364,2.1045678545454547,9,1,SAN FRANCISCO,2,27.5,mid_high,0.14545454545454545
40229994,467.736,12.744850136239782,7.799848283378746,6,1,SAN FRANCISCO,1,36.7,mid_low,0.108991825613079
40230150,309.711,11.262218181818183,6.892477527272728,5,1,OAKLAND,1,27.5,mid_low,0.14545454545454548
40230646,464.75,13.674914107190764,8.369047433600747,4,1,OAKLAND,2,34.0,low,0.11769694766812924
40232114,155.38,5.650181818181818,3.457911272727273,8,1,OAKLAND,1,27.5,mid_high,0.14545454545454545
40233855,487.692,17.67046226291694,10.814322904905167,8,2,SAN FRANCISCO,3,27.6,mid_high,0.1449313276651406
40235475,510.426,18.560945454545454,11.35929861818182,9,1,ALAMEDA,1,27.5,mid_high,0.14545454545454545
40238602,136.83599999999998,4.631703222425989,2.834602372124705,11,1,OAKLAND,3,29.900000000000002,high,0.13539428870840975
40240750,920.8080000000001,33.48392727272727,20.492163490909093,11,1,SAN FRANCISCO,1,27.5,high,0.14545454545454542
40244854,51.372,1.7707138880663311,1.0836768994965946,8,1,SAN FRANCISCO,2,29.099999999999998,mid_high,0.13787385253183299
40250324,197.91,7.196727272727273,4.40439709090909,11,1,SAN FRANCISCO,3,27.5,high,0.14545454545454545
40253106,118.724,4.317236363636364,2.6421486545454544,11,1,SAN FRANCISCO,1,27.5,high,0.14545454545454548
40256241,191.853,6.643224808836024,4.065653583007646,11,1,SAN FRANCISCO,3,29.033333333333335,high,0.1385065609364675
40256529,45.492,1.6542545454545454,1.0124037818181817,8,1,OAKLAND,2,27.5,mid_high,0.14545454545454545
40260174,35.136,1.2707788096795292,0.7777166315238718,10,1,SAN FRANCISCO,2,27.65,high,0.1446697187704382
40260722,5460.648,191.6697689073142,117.3018985712763,11,1,SAN FRANCISCO,3,28.566666666666666,high,0.14040075017273715
40262673,1143.392,41.57789090909091,25.445669236363635,10,1,OAKLAND,2,27.5,high,0.14545454545454545
40263485,40.848,1.812678787878788,1.1093594181818183,8,1,SAN FRANCISCO,4,24.2,mid_high,0.17750477750477753
40266740,176.22199999999998,6.408072727272726,3.9217405090909088,5,1,SAN FRANCISCO,1,27.5,mid_low,0.14545454545454545
40268532,919.248,30.516122522522526,18.675866983783784,7,1,SAN FRANCISCO,2,30.4,mid_low,0.1327873327873328
40268541,224.121,6.98196261682243,4.272961121495327,11,1,SAN FRANCISCO,1,32.1,high,0.12461059190031151
40269279,189.19,5.155040871934605,3.1548850136239777,11,1,OAKLAND,1,36.7,high,0.108991825613079
40270851,262.265,9.536909090909091,5.836588363636364,10,1,SAN FRANCISCO,1,27.5,high,0.14545454545454548
40277608,630.708,26.989756756756755,16.517731135135136,11,2,SAN FRANCISCO,2,25.65,high,0.17117117117117114
40278130,191.844,8.817072727272727,5.3960485090909085,6,1,OAKLAND,2,22.75,mid_low,0.18383838383838383
40282151,81.964,2.640077802444034,1.615727615095749,7,1,SAN FRANCISCO,2,31.049999999999997,mid_low,0.12884084732048384
40283246,298.82,10.866181818181818,6.650103272727272,11,1,SAN FRANCISCO,2,27.5,high,0.14545454545454545
40284389,156.78,5.403965649985194,3.3072269777909384,11,1,SAN FRANCISCO,2,29.1,high,0.13787385253183299
40284455,1607.46,58.45309090909091,35.77329163636364,10,1,SAN FRANCISCO,2,27.5,high,0.14545454545454545
40286139,1221.28,44.41018181818182,27.179031272727272,7,1,OAKLAND,2,27.5,mid_low,0.14545454545454548
40286207,562.416,20.45149090909091,12.516312436363636,5,1,SAN FRANCISCO,2,27.5,mid_low,0.14545454545454542
40290323,119.75200000000001,4.354618181818182,2.6650263272727273,8,1,SAN FRANCISCO,2,27.5,mid_high,0.1454545454545454
40292709,474.228,15.535159012976534,9.507517315941637,11,1,SAN FRANCISCO,3,30.666666666666668,high,0.13103535862898466
40294418,206.454,7.426402877697842,4.544958561151079,7,1,SAN FRANCISCO,1,27.8,mid_low,0.14388489208633093
40296697,1866.67,67.87890909090909,41.541892363636364,5,1,OAKLAND,1,27.5,mid_low,0.14545454545454542
40298799,468.672,16.858705035971223,10.317527482014388,10,2,SAN FRANCISCO,1,27.8,high,0.14388489208633093
40301289,3730.92,135.6698181818182,83.02992872727273,11,1,SAN FRANCISCO,2,27.5,high,0.14545454545454545
40302657,254.796,8.601439592183517,5.264081030416312,7,1,SAN FRANCISCO,2,29.799999999999997,mid_low,0.1350325686774285
40304041,372.448,13.543563636363636,8.288660945454545,10,1,SAN FRANCISCO,2,27.5,high,0.14545454545454548
40304458,320.688,10.645826044226045,6.515245539066339,6,1,SAN FRANCISCO,2,30.399999999999995,mid_low,0.1327873327873328
40305938,4675.72,157.34316397578817,96.29401635318237,10,1,OAKLAND,4,29.924999999999997,high,0.13460443651526452
40314407,105.18,3.2766355140186914,2.0053009345794393,11,1,SAN FRANCISCO,1,32.1,high,0.1246105919003115
40317341,268.544,9.765236363636363,5.976324654545454,7,1,SAN FRANCISCO,1,27.5,mid_low,0.14545454545454548
40317699,310.756,9.896687898089173,6.056772993630574,11,1,SAN FRANCISCO,1,31.4,high,0.12738853503184716
40317725,20.532,0.6687947882736156,0.4093024104234528,6,1,ALAMEDA,1,30.7,mid_low,0.13029315960912052
40320920,10848.896999999999,367.2196731464501,224.73843996562744,7,1,SAN FRANCISCO,3,29.900000000000002,mid_low,0.13539428870840975
40324595,1093.67,39.76981818181818,24.33912872727273,11,1,OAKLAND,1,27.5,high,0.14545454545454545
40326459,300.318,10.920654545454546,6.683440581818182,7,1,OAKLAND,1,27.5,mid_low,0.14545454545454548
40328602,45.726,1.6627636363636364,1.0176113454545455,7,1,SAN FRANCISCO,1,27.5,mid_low,0.14545454545454548
40330460,176.06799999999998,6.402472727272727,3.918313309090909,8,1,OAKLAND,2,27.5,mid_high,0.14545454545454545
40330936,504.128,18.233013996075865,11.15860456559843,6,1,OAKLAND,2,27.650000000000002,mid_low,0.14466971877043822
40332713,4656.456,169.32567272727272,103.6273117090909,7,1,SAN FRANCISCO,2,27.5,mid_low,0.14545454545454548
40335094,12.913,0.46956363636363635,0.28737294545454545,1,1,OAKLAND,1,27.5,low,0.14545454545454545
40336536,20.64,0.6726790673303642,0.41167958920618286,11,2,SAN FRANCISCO,2,31.1,high,0.1303641603353419
40343229,619.578,22.53010909090909,13.788426763636364,7,1,SAN FRANCISCO,3,27.5,mid_low,0.14545454545454542
40343235,2441.616,88.78603636363636,54.33705425454545,11,1,SAN FRANCISCO,1,27.5,high,0.14545454545454545
40343349,270.0,4.909090909090909,3.004363636363636,10,1,SAN FRANCISCO,2,30.4,high,0.07272727272727271
40344441,128.952,4.106751592356688,2.513331974522293,11,1,SAN FRANCISCO,1,31.4,high,0.12738853503184713
40344631,3413.835,107.47942152457651,65.77740597304083,11,1,SAN FRANCISCO,3,31.8,high,0.12593393825369592
40346294,184.41,6.705818181818182,4.103960727272727,10,2,SAN FRANCISCO,1,27.5,high,0.14545454545454545
40346735,54.312,0.0,0.0,11,1,OAKLAND,1,30.7,high,0.0
40347987,57397.05,1907.708237892948,1167.5174415904842,7,1,SAN FRANCISCO,5,30.26,mid_low,0.1329481733220051
40350938,30.102000000000004,0.9377570093457943,0.5739072897196261,11,1,SAN FRANCISCO,1,32.1,high,0.12461059190031153
40354159,350.936,12.76130909090909,7.809921163636363,8,1,SAN FRANCISCO,1,27.5,mid_high,0.14545454545454545
40359725,160.95600000000002,5.852945454545455,3.582002618181818,8,1,OAKLAND,3,27.5,mid_high,0.14545454545454542
40359964,123.75200000000001,4.451510791366907,2.7243246043165468,10,1,ALAMEDA,1,27.8,high,0.14388489208633093
40361777,170.728,6.208290909090909,3.7994740363636366,11,1,SAN FRANCISCO,2,27.5,high,0.14545454545454545
40362372,1816.344,60.59903254506156,37.08660791757768,2,1,OAKLAND,3,30.099999999999998,low,0.1334527656546592
40362960,420.288,15.2832,9.353318400000001,11,1,SAN FRANCISCO,1,27.5,high,0.14545454545454545
40364437,79.95,2.9072727272727272,1.7792509090909092,10,1,SAN FRANCISCO,1,27.5,high,0.14545454545454542
40370797,504.33,15.711214953271027,9.615263551401869,5,1,OAKLAND,1,32.1,mid_low,0.12461059190031151
40373702,38.025999999999996,1.0361307901907355,0.6341120435967301,10,1,OAKLAND,1,36.7,high,0.108991825613079
40375198,1384.56,50.34763636363637,30.812753454545454,11,1,DALY CITY,2,27.5,high,0.14545454545454545
40375452,132.3,3.812680115273775,2.3333602305475503,7,1,OAKLAND,1,34.7,mid_low,0.11527377521613831
40375624,150.804,4.802675159235669,2.9392371974522296,11,1,SAN FRANCISCO,1,31.399999999999995,high,0.12738853503184713
40376921,1330.776,44.177548894348895,27.036659923341524,8,1,SAN FRANCISCO,2,30.4,mid_high,0.13278733278733282
40377025,2889.344,105.06705454545454,64.30103738181818,11,1,OAKLAND,1,27.5,high,0.14545454545454545
40379286,10.445,0.37981818181818183,0.23244872727272725,3,1,SAN FRANCISCO,1,27.5,low,0.14545454545454545
40386399,492.032,17.79553276651406,10.890866053106604,9,1,SAN FRANCISCO,2,27.65,mid_high,0.1446697187704382
40387224,767.92,27.924363636363633,17.089710545454544,8,1,SAN FRANCISCO,2,27.5,mid_high,0.14545454545454542
40387973,89.424,3.251781818181818,1.9900904727272726,5,1,OAKLAND,2,27.5,mid_low,0.14545454545454542
40393044,190.968,6.5823734675747705,4.02841256215576,11,1,DALY CITY,2,29.1,high,0.13787385253183299
40394338,27.132,0.9759712230215827,0.5972943884892086,10,1,SAN FRANCISCO,1,27.8,high,0.14388489208633093
40397436,28.398000000000003,1.0326545454545455,0.631984581818182,4,1,DALY CITY,1,27.5,low,0.14545454545454545
40398593,1077.33,39.175636363636364,23.975489454545453,8,1,DALY CITY,3,27.5,mid_high,0.14545454545454545
40400290,547.31,17.050155763239875,10.434695327102803,7,1,SAN FRANCISCO,1,32.1,mid_low,0.12461059190031151
40402993,541.432,19.688436363636363,12.049323054545454,5,1,OAKLAND,2,27.5,mid_low,0.14545454545454545
40403157,11.827,0.4300727272727273,0.2632045090909091,5,1,OAKLAND,1,27.5,mid_low,0.14545454545454545
40404738,38.410000000000004,1.3967272727272728,0.854797090909091,11,1,SAN FRANCISCO,1,27.5,high,0.14545454545454542
40405047,1070.844,43.097057596134256,26.375399248834164,11,1,OAKLAND,3,26.733333333333334,high,0.1609835142976353
40410548,65.188,2.3704727272727273,1.450729309090909,6,1,SAN FRANCISCO,1,27.5,mid_low,0.14545454545454542
40415360,51.246,1.786340011580776,1.0932400870874348,2,1,OAKLAND,3,28.8,low,0.13943254198031274
40415707,97.842,3.557890909090909,2.1774292363636363,6,1,SAN FRANCISCO,1,27.5,mid_low,0.14545454545454548
40418143,32.722,1.189890909090909,0.7282132363636364,6,1,SAN FRANCISCO,1,27.5,mid_low,0.14545454545454545
40420127,812.37,27.49756457951271,16.828509522661776,11,1,SAN FRANCISCO,3,29.9,high,0.1353942887084097
40420583,9398.04,325.4225499858397,199.1586005913339,10,1,SAN FRANCISCO,3,29.033333333333335,high,0.1385065609364675
40422108,75.108,2.3398130841121496,1.4319656074766356,6,1,SAN FRANCISCO,1,32.1,mid_low,0.12461059190031147
40423309,788.752,24.57171339563863,15.037888598130841,3,1,OAKLAND,1,32.1,low,0.12461059190031155
40424391,1780.188,60.25682200681163,36.87717506816872,10,1,OAKLAND,3,29.900000000000002,high,0.13539428870840975
40424724,531.88,19.34109090909091,11.836747636363636,11,1,SAN FRANCISCO,2,27.5,high,0.14545454545454545
40428220,550.644,16.702568145523962,10.221971705060666,11,1,OAKLAND,2,33.050000000000004,high,0.12133115512399271
40428858,29.305,1.0656363636363637,0.6521694545454545,7,1,SAN FRANCISCO,1,27.5,mid_low,0.14545454545454545
40433789,51.242,1.5963239875389408,0.9769502803738317,10,1,OAKLAND,1,32.1,high,0.12461059190031153
40436008,176.424,6.415418181818182,3.9262359272727267,11,1,SAN FRANCISCO,2,27.5,high,0.14545454545454542
40436198,2628.963,91.0321559898046,55.711679465760405,6,1,OAKLAND,3,29.033333333333335,mid_low,0.1385065609364675
40438744,113.268,4.118836363636364,2.520727854545455,11,2,SAN FRANCISCO,2,27.5,high,0.14545454545454545
40439561,708.528,19.305940054495913,11.815235313351499,10,1,SAN FRANCISCO,2,36.7,high,0.10899182561307898
40440468,895.472,27.393687519294996,16.76493676180854,8,1,ALAMEDA,2,32.7,mid_high,0.12236535601021582
40441757,192.216,6.38096248976249,3.9051490437346437,11,1,SAN FRANCISCO,2,30.399999999999995,high,0.1327873327873328
40442144,49.24,1.7712230215827338,1.083988489208633,11,1,SAN FRANCISCO,1,27.8,high,0.14388489208633093
40442739,56.898,2.069018181818182,1.2662391272727274,11,1,SAN FRANCISCO,1,27.5,high,0.14545454545454545
40443812,184.488,6.708654545454546,4.105696581818182,7,1,SAN FRANCISCO,1,27.5,mid_low,0.14545454545454545
40444688,11913.12,393.0017421294555,240.51706618322677,11,1,SAN FRANCISCO,3,30.5,high,0.13195594172792868
40446606,365.628,15.634597979797979,9.568373963636363,4,1,SAN FRANCISCO,3,24.333333333333332,low,0.17104377104377105
40447148,5.886,0.19172638436482087,0.11733654723127036,4,1,DALY CITY,1,30.7,low,0.13029315960912052
40447607,804.852,27.44978737695426,16.799269874696005,9,1,SAN FRANCISCO,2,29.449999999999996,mid_high,0.1364215402431963
40451343,560.5160000000001,17.85082802547771,10.924706751592359,8,1,OAKLAND,1,31.4,mid_high,0.1273885350318471
40453065,28.445999999999998,1.0344,0.6330528,11,1,SAN FRANCISCO,1,27.5,high,0.14545454545454542
40455818,201.016,6.547752442996742,4.007224495114007,11,1,SAN FRANCISCO,1,30.7,high,0.13029315960912052
40455831,432.688,14.606743018974795,8.939326727612574,10,1,OAKLAND,2,29.799999999999997,high,0.13503256867742847
40456956,51.040000000000006,1.5613819426903541,0.9555657489264966,9,1,ALAMEDA,2,32.699999999999996,mid_high,0.12236535601021582
40464013,107.276,4.570218755357449,2.7969738782787585,7,1,OAKLAND,2,24.849999999999998,mid_low,0.17040973769929715
40465271,147.172,4.553292974503166,2.7866153003959377,11,1,OAKLAND,2,32.349999999999994,high,0.12375432757598365
40466834,211.158,6.085244956772334,3.724169913544668,7,1,SAN FRANCISCO,1,34.7,mid_low,0.11527377521613832
40467095,4433.599999999999,120.80653950953676,73.9336021798365,11,1,SAN FRANCISCO,1,36.7,high,0.10899182561307902
40470184,56.835,2.066727272727273,1.264837090909091,8,1,SAN FRANCISCO,1,27.5,mid_high,0.14545454545454548
40471782,60.828,2.2119272727272725,1.353699490909091,4,1,ALAMEDA,2,27.5,low,0.14545454545454545
40472870,429.264,15.6096,9.553075199999999,10,1,OAKLAND,2,27.5,high,0.14545454545454545
40475977,843.0,29.19025771736052,17.86443772302464,11,1,OAKLAND,3,29.03333333333333,high,0.1385065609364675
40481724,2.205,0.08018181818181819,0.04907127272727273,6,1,SAN FRANCISCO,1,27.5,mid_low,0.14545454545454545
40482202,346.456,10.404084084084085,6.36729945945946,10,1,SAN FRANCISCO,1,33.3,high,0.12012012012012015
40482214,2249.37,75.93455225148683,46.47194597790994,9,1,SAN FRANCISCO,2,29.8,mid_high,0.13503256867742847
40482628,749.8919999999999,23.3611214953271,14.297006355140185,11,1,DALY CITY,1,32.1,high,0.12461059190031154
40486139,310.176,11.279127272727274,6.902825890909091,5,1,OAKLAND,1,27.5,mid_low,0.14545454545454545
40488687,15.512,0.4658258258258259,0.2850854054054054,7,1,SAN FRANCISCO,1,33.3,mid_low,0.12012012012012013
40490541,58.564,2.1296,1.3033152000000001,6,1,OAKLAND,1,27.5,mid_low,0.14545454545454545
40491166,21.433,0.6676947040498442,0.40862915887850465,7,1,SAN FRANCISCO,1,32.1,mid_low,0.12461059190031153
40492932,251.704,7.841246105919003,4.79884261682243,10,1,OAKLAND,1,32.1,high,0.12461059190031153
40493700,64.19,2.3341818181818184,1.4285192727272726,4,1,OAKLAND,1,27.5,low,0.14545454545454548
40496560,453.568,15.469111291256514,9.467096110248987,4,1,OAKLAND,2,29.45,low,0.1364215402431963
40496921,182.58599999999998,6.639490909090909,4.0633684363636355,7,1,OAKLAND,1,27.5,mid_low,0.14545454545454548
40500155,510.96,18.580363636363636,11.371182545454545,8,1,SAN FRANCISCO,2,27.5,mid_high,0.14545454545454545
40503090,409.898,14.90538181818182,9.122093672727273,10,1,SAN FRANCISCO,1,27.5,high,0.14545454545454545
40506314,307.752,11.130598822759973,6.811926479529103,8,1,SAN FRANCISCO,2,27.650000000000002,mid_high,0.14466971877043816
40508427,421.14,15.231551340745586,9.321709420536298,11,1,SAN FRANCISCO,2,27.65,high,0.14466971877043816
40513273,1300.24,43.89368677428491,26.862936305862362,8,1,ALAMEDA,2,29.8,mid_high,0.13503256867742852
40513792,17.997999999999998,0.5186743515850143,0.3174287031700288,7,1,SAN FRANCISCO,1,34.7,mid_low,0.11527377521613834
40514899,84.55,2.754071661237785,1.6854918566775243,5,1,OAKLAND,1,30.7,mid_low,0.13029315960912052
40518064,59.22,2.1534545454545455,1.3179141818181817,10,1,SAN FRANCISCO,1,27.5,high,0.14545454545454542
40519265,186.224,5.8013707165109025,3.5504388785046723,5,1,OAKLAND,1,32.1,mid_low,0.12461059190031151
40523120,36.436,1.2095598143598145,0.7402506063882064,11,1,SAN FRANCISCO,2,30.4,high,0.13278733278733282
40529820,199.18800000000002,4.32782939481268,2.64863158962536,9,1,SAN FRANCISCO,3,31.2,mid_high,0.08690944022356129
40530582,372.372,12.135990778097982,7.427226356195965,8,1,SAN FRANCISCO,2,31.1,mid_high,0.13036416033534193
40531547,111.14999999999999,4.041818181818182,2.473592727272727,8,1,SAN FRANCISCO,3,27.5,mid_high,0.14545454545454548
40533299,30.97,0.8925072046109509,0.5462144092219019,11,1,SAN FRANCISCO,1,34.7,high,0.11527377521613834
40537894,1048.3020000000001,31.480540540540545,19.266090810810812,11,1,SAN FRANCISCO,1,33.3,high,0.12012012012012012
40539560,6.928,0.2519272727272727,0.15417949090909092,11,1,SAN FRANCISCO,1,27.5,high,0.14545454545454545
40539940,1.834,0.058407643312101916,0.035745477707006375,7,1,OAKLAND,1,31.4,mid_low,0.12738853503184713
40541390,126.87,4.6134545454545455,2.8234341818181816,8,1,SAN FRANCISCO,2,27.5,mid_high,0.14545454545454545
40546203,4684.992,163.31008592935726,99.94577258876664,9,1,DALY CITY,3,28.8,mid_high,0.13943254198031266
40547855,132.424,4.217324840764332,2.581002802547771,8,1,SAN FRANCISCO,1,31.399999999999995,mid_high,0.12738853503184713
40550861,191.264,0.0,0.0,11,1,SAN FRANCISCO,1,30.7,high,0.0
40551171,188.636,5.436195965417866,3.3269519308357345,9,1,ALAMEDA,1,34.7,mid_high,0.11527377521613834
40551928,494.25600000000003,17.972945454545453,10.999442618181817,6,1,OAKLAND,1,27.5,mid_low,0.14545454545454545
40553097,101.52,3.671717462393721,2.247091086984957,8,1,SAN FRANCISCO,2,27.650000000000002,mid_high,0.1446697187704382
40553103,127.278,3.6679538904899136,2.244787780979827,11,1,SAN FRANCISCO,1,34.7,high,0.11527377521613832
40553538,80.08,2.1820163487738418,1.3353940054495912,9,1,SAN FRANCISCO,1,36.7,mid_high,0.108991825613079
40556135,120.453,4.380109090909091,2.6806267636363637,5,1,SAN FRANCISCO,1,27.5,mid_low,0.14545454545454545
40561799,137.65,5.005454545454546,3.0633381818181817,5,1,OAKLAND,1,27.5,mid_low,0.14545454545454542
40562446,17.415,0.6332727272727273,0.38756290909090907,10,1,SAN FRANCISCO,1,27.5,high,0.14545454545454545
40563072,1538.097,55.930800000000005,34.2296496,10,1,SAN FRANCISCO,1,27.5,high,0.14545454545454548
40563768,36.309,1.1311214953271027,0.692246355140187,7,1,SAN FRANCISCO,1,32.1,mid_low,0.12461059190031153
40566359,1185.024,42.85927220405494,26.22987458888162,10,1,SAN FRANCISCO,2,27.65,high,0.14466971877043827
40570664,12.486,0.4540363636363637,0.27787025454545455,3,1,SAN FRANCISCO,1,27.5,low,0.14545454545454545
40573060,5079.456,183.71086775670372,112.43105106710269,6,1,SAN FRANCISCO,2,27.65,mid_low,0.14466971877043816
40579481,119.49600000000001,3.5884684684684687,2.1961427027027027,6,1,SAN FRANCISCO,1,33.3,mid_low,0.12012012012012013
40581032,186.564,6.784145454545455,4.151897018181819,11,1,OAKLAND,1,27.5,high,0.14545454545454545
40581318,1124.52,38.76047616227421,23.721411411311816,10,1,ALAMEDA,2,29.1,high,0.13787385253183299
40581513,274.044,9.965236363636365,6.098724654545454,7,1,OAKLAND,2,27.5,mid_low,0.14545454545454545
40588769,76.22,2.7716363636363637,1.6962414545454545,3,1,OAKLAND,1,27.5,low,0.14545454545454545
40592119,527.06,18.958992805755393,11.602903597122301,10,1,SAN FRANCISCO,1,27.8,high,0.14388489208633093
40592825,1253.904,45.596509090909095,27.90506356363636,6,1,OAKLAND,1,27.5,mid_low,0.14545454545454545
40600022,237.716,8.644218181818182,5.290261527272727,7,1,OAKLAND,1,27.5,mid_low,0.14545454545454545
40600248,71.384,2.595781818181818,1.5886184727272727,11,1,SAN FRANCISCO,1,27.5,high,0.14545454545454542
40600901,271.03999999999996,9.856,6.031872,8,1,SAN FRANCISCO,1,27.5,mid_high,0.14545454545454548
40601945,44.284,1.3298498498498499,0.8138681081081081,7,1,SAN FRANCISCO,1,33.3,mid_low,0.12012012012012015
40602190,107.27799999999999,3.658757498552403,2.2391595891140708,6,1,ALAMEDA,2,29.45,mid_low,0.1364215402431963
40606081,165.744,6.027054545454546,3.688557381818182,11,1,SAN FRANCISCO,1,27.5,high,0.14545454545454545
40606446,40.452000000000005,1.4709818181818184,0.9002408727272727,6,1,OAKLAND,1,27.5,mid_low,0.14545454545454545
40606751,18.264000000000003,0.6641454545454546,0.40645701818181823,10,1,SAN FRANCISCO,1,27.5,high,0.14545454545454545
40613629,542.12,18.489211349160396,11.315397345686161,9,1,SAN FRANCISCO,2,29.45,mid_high,0.13642154024319628
40617799,2962.212,107.71679999999999,65.92268159999999,10,1,SAN FRANCISCO,3,27.5,high,0.14545454545454542
40617820,5077.860000000001,176.609162981163,108.08480774447175,11,1,SAN FRANCISCO,4,28.95,high,0.1391209391209391
40625735,49.176,1.788218181818182,1.0943895272727273,4,1,OAKLAND,2,27.5,low,0.14545454545454545
40627392,401.748,14.609018181818183,8.940719127272727,11,1,OAKLAND,2,27.5,high,0.14545454545454545
40627509,285.744,9.100127388535032,5.56927796178344,10,1,SAN FRANCISCO,1,31.399999999999995,high,0.12738853503184713
40627792,750.08,27.275636363636366,16.692689454545455,11,1,SAN FRANCISCO,2,27.5,high,0.14545454545454545
40629837,114.34299999999999,4.157927272727273,2.544651490909091,7,1,OAKLAND,1,27.5,mid_low,0.14545454545454548
40629983,655.242,21.343387622149837,13.0621532247557,10,1,SAN FRANCISCO,1,30.7,high,0.13029315960912055
40632120,1180.4940000000001,42.927054545454546,26.27135738181818,11,1,SAN FRANCISCO,1,27.5,high,0.14545454545454545
40632380,739.3679999999999,26.886109090909088,16.454298763636363,10,1,SAN FRANCISCO,1,27.5,high,0.14545454545454542
40632381,29.062,1.0568,0.6467616,11,2,SAN FRANCISCO,1,27.5,high,0.14545454545454545
40632529,1567.504,52.916022883035964,32.38460600441801,11,1,SAN FRANCISCO,2,29.8,high,0.1350325686774285
40633395,2419.452,84.33758563983787,51.614602411580776,9,1,ALAMEDA,3,28.8,mid_high,0.13943254198031266
40636308,158.25,5.253398853398854,3.215080098280098,8,1,SAN FRANCISCO,2,30.399999999999995,mid_high,0.13278733278733276
40637721,1205.632,39.29280083835472,24.04719411307309,9,1,OAKLAND,2,31.1,mid_high,0.1303641603353419
40639875,591.318,20.25408091728092,12.395497521375923,8,1,OAKLAND,3,29.433333333333334,mid_high,0.13700973700973704
40641505,461.552,15.322064755664758,9.37710363046683,7,1,OAKLAND,2,30.4,mid_low,0.13278733278733276
40649073,72.576,2.639127272727273,1.615145890909091,8,1,OAKLAND,1,27.5,mid_high,0.14545454545454548
40649780,976.616,31.82893120251506,19.479305895939216,10,1,SAN FRANCISCO,2,31.1,high,0.13036416033534187
40650088,353.64,11.016822429906542,6.742295327102803,10,1,SAN FRANCISCO,1,32.1,high,0.12461059190031151
40650677,29.416,0.8477233429394813,0.5188066858789625,11,1,SAN FRANCISCO,1,34.7,high,0.11527377521613832
40652691,456.423,16.5972,10.1574864,11,1,OAKLAND,1,27.5,high,0.14545454545454545
40652693,108.638,3.9504727272727274,2.417689309090909,3,1,OAKLAND,1,27.5,low,0.14545454545454545
40656815,51.832,1.8848,1.1534976000000001,3,1,DALY CITY,1,27.5,low,0.14545454545454545
40656872,50.12,1.8225454545454545,1.115397818181818,7,1,SAN FRANCISCO,1,27.5,mid_low,0.14545454545454545
40657252,37.239999999999995,1.354181818181818,0.8287592727272726,7,1,ALAMEDA,1,27.5,mid_low,0.14545454545454545
40659219,95.784,3.4830545454545456,2.1316293818181817,6,1,SAN FRANCISCO,1,27.5,mid_low,0.14545454545454545
40660542,16.533,0.6012000000000001,0.3679344,3,1,SAN FRANCISCO,1,27.5,low,0.14545454545454542
40662952,59.483999999999995,2.017053567337213,1.2344367832103744,10,1,SAN FRANCISCO,2,29.599999999999998,high,0.13563671355908904
40663483,187.04399999999998,5.741477719681964,3.513784364445362,7,1,OAKLAND,2,32.7,mid_low,0.12278346741262941
40666229,230.672,8.388072727272727,5.133500509090909,8,1,OAKLAND,2,27.5,mid_high,0.14545454545454545
40666294,491.076,15.995960912052118,9.789528078175897,10,1,SAN FRANCISCO,1,30.700000000000003,high,0.13029315960912052
40666605,333.11199999999997,10.426958554645852,6.381298635443261,8,2,SAN FRANCISCO,2,32.0,mid_high,0.12520663986462036
40667364,1821.2,64.43743100065402,39.435707772400264,2,1,SAN FRANCISCO,5,28.34,low,0.14152741269636288
40670449,443.07,15.27194196031981,9.346428479715724,6,1,SAN FRANCISCO,2,29.099999999999998,mid_low,0.137873852531833
40674303,496.728,18.062836363636364,11.054455854545456,7,1,SAN FRANCISCO,1,27.5,mid_low,0.14545454545454545
40674538,34.416000000000004,1.0335135135135136,0.6325102702702703,6,1,ALAMEDA,1,33.3,mid_low,0.12012012012012012
40675274,58.632000000000005,2.1320727272727273,1.304828509090909,10,1,SAN FRANCISCO,1,27.5,high,0.14545454545454545
40675594,109.946,3.581302931596091,2.1917573941368076,11,1,SAN FRANCISCO,1,30.7,high,0.13029315960912052
40677649,13334.496,420.0351687600452,257.0615232811477,10,2,SAN FRANCISCO,2,31.75,high,0.12599956346607932
40678316,127.46799999999999,4.3473452229299365,2.660575276433121,8,1,OAKLAND,2,29.45,mid_high,0.13642154024319628
40682660,181.53099999999998,6.601127272727273,4.039889890909091,5,1,SAN FRANCISCO,1,27.5,mid_low,0.14545454545454545
40683400,254.14,8.093630573248408,4.953301910828025,11,1,SAN FRANCISCO,1,31.4,high,0.1273885350318471
40683629,456.435,0.0,0.0,11,1,SAN FRANCISCO,1,32.1,high,0.0
40684719,111.94,3.3615615615615617,2.057275675675676,6,1,OAKLAND,1,33.3,mid_low,0.12012012012012012
40687270,52.342,1.5718318318318318,0.9619610810810811,8,1,OAKLAND,1,33.3,mid_high,0.12012012012012015
40687625,13.799999999999999,0.5018181818181818,0.30711272727272726,9,1,SAN FRANCISCO,1,27.5,mid_high,0.14545454545454545
40687807,418.86,14.2853815865663,8.742653530978576,11,1,OAKLAND,2,29.45,high,0.1364215402431963
40688575,17.772,0.6462545454545454,0.3955077818181818,6,1,SAN FRANCISCO,2,27.5,mid_low,0.14545454545454545
40689131,1389.33,40.56885584048486,24.82813977437673,10,1,SAN FRANCISCO,2,34.400000000000006,high,0.11680120875669525
40691988,1.784,0.06487272727272728,0.039702109090909085,9,1,SAN FRANCISCO,1,27.5,mid_high,0.14545454545454545
40695318,47.124,1.498816348773842,0.9172756054495912,11,1,SAN FRANCISCO,2,32.1,high,0.12722318553381226
40695372,161.692,5.879709090909091,3.5983819636363634,11,1,SAN FRANCISCO,1,27.5,high,0.14545454545454548
40697252,1591.728,55.11619280657038,33.73110999762107,7,1,OAKLAND,3,29.03333333333333,mid_low,0.1385065609364675
40702960,478.092,17.385163636363636,10.639720145454545,6,1,SAN FRANCISCO,1,27.5,mid_low,0.14545454545454545
40703303,390.86,14.213090909090909,8.698411636363637,6,1,SAN FRANCISCO,1,27.5,mid_low,0.14545454545454545
40703509,322.254,11.718327272727272,7.171616290909091,7,1,SAN FRANCISCO,2,27.5,mid_low,0.14545454545454545
40704854,1070.728,39.302880274442536,24.053362727958834,7,1,OAKLAND,4,27.25,mid_low,0.14682675814751286
40706008,1118.688,39.22219609175871,24.00398400815633,8,1,OAKLAND,4,28.65,mid_high,0.14024355706598696
40711276,416.016,14.339432158720758,8.775732481137103,11,1,SAN FRANCISCO,2,29.099999999999998,high,0.13787385253183299
40712288,144.344,5.248872727272727,3.212310109090909,11,1,SAN FRANCISCO,1,27.5,high,0.14545454545454542
40720422,1099.056,39.96567272727273,24.45899170909091,7,1,SAN FRANCISCO,2,27.5,mid_low,0.14545454545454545
40723481,412.984,15.0176,9.1907712,11,1,SAN FRANCISCO,2,27.5,high,0.14545454545454545
40725013,514.304,15.444564564564566,9.452073513513515,11,1,SAN FRANCISCO,1,33.3,high,0.12012012012012016
40726691,170.32,5.775411263346011,3.5345516931677587,11,1,SAN FRANCISCO,2,29.6,high,0.13563671355908904
40726928,2059.002,68.3470722913767,41.828408242322546,6,1,OAKLAND,3,30.666666666666668,mid_low,0.1327770877179851
40727568,3988.68,145.0429090909091,88.76626036363636,11,1,SAN FRANCISCO,1,27.5,high,0.1454545454545454
40732132,300.969,10.944327272727271,6.697928290909091,8,1,OAKLAND,3,27.5,mid_high,0.1454545454545455
40733716,1476.168,50.56234736554737,30.944156587714986,10,1,SAN FRANCISCO,3,29.433333333333334,high,0.13700973700973704
40734941,1279.755,41.391207222466036,25.331418820149214,3,1,SAN FRANCISCO,3,31.2,low,0.12937228523417696
40736648,111.17699999999999,3.621400651465798,2.2162971986970685,8,1,OAKLAND,1,30.7,mid_high,0.13029315960912052
40744568,697.816,22.22343949044586,13.600744968152867,7,1,SAN FRANCISCO,1,31.399999999999995,mid_low,0.12738853503184713
40745242,104.092,3.2427414330218065,1.9845577570093456,8,1,ALAMEDA,1,32.1,mid_high,0.12461059190031151
40747542,606.32,22.048000000000002,13.493376000000001,6,1,OAKLAND,2,27.5,mid_low,0.14545454545454545
40748321,161.962,5.275635179153094,3.2286887296416937,1,2,OAKLAND,1,30.7,low,0.13029315960912052
40752177,654.21,20.3803738317757,12.47278878504673,6,1,SAN FRANCISCO,1,32.1,mid_low,0.12461059190031153
40755311,74.703,2.7164727272727274,1.662481309090909,5,1,OAKLAND,1,27.5,mid_low,0.14545454545454545
40755707,275.32,9.139752115752117,5.593528294840295,11,1,SAN FRANCISCO,2,30.4,high,0.13278733278733282
40759003,7.801,0.2484394904458599,0.15204496815286625,8,1,SAN FRANCISCO,1,31.4,mid_high,0.12738853503184713
40760830,1038.576,35.798118566775244,21.90844856286645,11,1,SAN FRANCISCO,2,29.1,high,0.13787385253183299
40765267,105.656,2.878910081743869,1.7618929700272479,11,1,SAN FRANCISCO,1,36.7,high,0.108991825613079
40766008,7044.736,278.818073054873,170.63666070958232,10,1,SAN FRANCISCO,4,26.574999999999996,high,0.1583128583128583
40766308,380.1,12.205610055686275,7.469833354080001,11,1,SAN FRANCISCO,3,31.433333333333337,high,0.12844630419033176
40768068,65.884,1.8986743515850142,1.1619887031700287,10,1,SAN FRANCISCO,1,34.7,high,0.11527377521613832
40768498,15.939,0.5796,0.3547152,8,1,OAKLAND,1,27.5,mid_high,0.14545454545454545
40770824,1601.872,51.62353617045666,31.593604136319474,3,1,SAN FRANCISCO,4,31.25,low,0.12890801804502897
40771877,26.043,0.9470181818181818,0.5795751272727273,1,1,SAN FRANCISCO,1,27.5,low,0.14545454545454542
40772699,928.296,51.572,31.562064,10,1,OAKLAND,1,18.0,high,0.2222222222222222
40773868,172.356,5.175855855855856,3.167623783783784,11,1,OAKLAND,1,33.3,high,0.12012012012012012
40774309,58.754000000000005,1.830342679127726,1.1201697196261682,1,1,OAKLAND,1,32.1,low,0.12461059190031151
40775481,225.59199999999998,7.027788161993769,4.301006355140187,8,1,SAN FRANCISCO,1,32.1,mid_high,0.12461059190031153
40776587,154.734,5.626690909090909,3.443534836363636,5,1,OAKLAND,1,27.5,mid_low,0.14545454545454545
40784090,1615.62,25.72643312101911,15.744577070063695,7,1,ALAMEDA,2,33.050000000000004,mid_low,0.06369426751592357
40786670,39.855999999999995,1.4493090909090909,0.8869771636363635,5,1,SAN FRANCISCO,1,27.5,mid_low,0.14545454545454548
40788151,300.624,10.931781818181818,6.690250472727273,11,1,SAN FRANCISCO,1,27.5,high,0.14545454545454545
40789357,392.952,11.324265129682995,6.930450259365994,11,1,SAN FRANCISCO,1,34.7,high,0.11527377521613831
40790454,1007.352,32.830649410531834,20.09235743924548,11,1,SAN FRANCISCO,2,31.099999999999998,high,0.1303641603353419
40791786,109.488,3.410841121495327,2.0874347663551402,8,1,OAKLAND,1,32.1,mid_high,0.12461059190031151
40791841,1756.176,60.53268771098608,37.04600487912348,7,2,OAKLAND,2,29.099999999999998,mid_low,0.13787385253183299
